Identificação,id_acidente,id_veiculo,tipo_veiculo,sexo_condutor,idade_condutor,categoria_habilitacao,usa_cinto_seguranca,estado_alcoolizacao,escolaridade
725,"D011400443","01","ON","M","37","SI","X","BR","3"
1443,"D011400863","01","MO","M","16","IN","X","BR","3"
1444,"D011400863","02","AU","M","33","SI","X","BR","5"
2772,"D011401700","01","AU","M","26","IN","X","BR","3"
2773,"D011401700","02","ON","M","52","SI","X","BR","8"
2774,"D011401701","01","MO","M","27","IN","X","BR","3"
2775,"D011401701","02","ON","M","53","SI","X","BR","5"
2776,"D011401702","01","SI","X","SI","SI","X","BR","8"
2777,"D011401704","01","AU","M","55","HA","X","BR","7"
2778,"D011401705","01","MO","M","26","SI","X","BR","5"
2779,"D011401706","01","ON","M","49","SI","X","BR","3"
2780,"D011401707","01","MO","M","24","SI","X","BR","5"
2781,"D011401708","01","ON","M","53","SI","X","BR","8"
2782,"D011401709","01","ON","M","62","SI","X","BR","3"
2783,"D011401710","01","AU","M","46","SI","X","BR","3"
2784,"D011401711","01","BI","M","43","NE","X","BR","5"
2785,"D011401712","01","MO","M","42","SI","X","BR","7"
2786,"D011401712","02","AU","F","28","SI","X","BR","5"
2787,"D011401713","01","MO","M","19","SI","X","BR","3"
2788,"D011401714","01","MO","M","36","HA","X","BR","5"
2789,"D011401715","01","MO","M","36","SI","X","BR","6"
2790,"D011401716","01","SI","X","SI","SI","X","BR","8"
2791,"D011401717","01","SI","X","SI","SI","X","BR","8"
2792,"D011401718","01","MO","M","16","IN","X","BR","3"
2793,"D011401719","01","MO","M","19","HA","X","BR","3"
2794,"D011401719","02","AU","F","24","SI","X","BR","3"
2795,"D011401720","01","MO","M","36","SI","X","BR","3"
2796,"D011401720","02","MO","M","33","SI","X","BR","3"
2797,"D011401721","01","AU","M","39","SI","X","AA","2"
2798,"D011401722","01","MO","M","29","SI","X","BR","5"
2799,"D011401723","01","MO","M","24","IN","X","BR","5"
2800,"D011401723","02","AU","X","SI","SI","X","BR","8"
2801,"D011401724","01","AU","F","62","SI","X","BR","7"
2802,"D011401724","02","CA","M","30","SI","X","BR","5"
2803,"D011401725","01","MO","M","51","SI","X","BR","5"
2804,"D011401725","02","AU","X","SI","SI","X","BR","8"
2805,"D011401726","01","MO","M","33","SI","X","BR","7"
2806,"D011401726","02","AU","M","51","SI","X","BR","5"
2807,"D011401727","01","SI","X","SI","SI","X","BR","8"
2808,"D011401728","01","MO","M","21","SI","X","BR","5"
2809,"D011401729","01","CA","M","31","SI","X","BR","3"
2810,"D011401729","02","CA","M","32","SI","X","BR","5"
2811,"D011401730","01","SI","X","SI","SI","X","BR","8"
2812,"D011401731","01","MO","M","32","SI","X","BR","3"
2813,"D011401731","02","AU","X","SI","SI","X","BR","8"
2814,"D011401732","01","SI","X","SI","SI","X","BR","8"
2815,"D011401733","01","SI","X","SI","SI","X","BR","8"
2816,"D011401734","01","AU","M","41","SI","X","BR","3"
2817,"D011401735","01","AU","M","21","SI","X","BR","3"
2818,"D011401736","01","AU","M","26","SI","X","BR","5"
2819,"D011401737","01","MO","M","33","SI","X","BR","5"
2820,"D011401737","02","CA","M","45","SI","X","BR","2"
2821,"D011401738","01","MO","M","32","SI","X","BR","5"
2822,"D011401738","02","AU","M","38","HA","X","BR","3"
2823,"D011401739","01","MO","M","17","IN","X","BR","3"
2824,"D011401739","02","AU","X","SI","SI","X","BR","8"
2825,"D011401739","03","AU","X","SI","SI","X","BR","8"
2826,"D011401741","01","SI","X","SI","SI","X","BR","8"
2827,"D011401742","01","SI","X","SI","SI","X","BR","8"
2828,"D011401743","01","AU","M","47","SI","X","BR","5"
2829,"D011401744","01","SI","X","SI","SI","X","BR","8"
2830,"D011401745","01","MO","M","24","SI","X","BR","5"
2831,"D011401746","01","AU","M","38","SI","X","BR","3"
2832,"D011401746","02","AU","M","33","SI","X","BR","3"
2833,"D011401746","03","AU","M","46","SI","X","BR","8"
2834,"D011401747","01","AU","M","26","SI","X","BR","3"
2835,"D011401748","01","MO","M","32","SI","X","BR","2"
2836,"D011401749","01","MO","M","18","SI","X","BR","5"
2837,"D011401750","01","CA","M","32","HA","X","BR","5"
2838,"D011401751","01","AU","X","SI","SI","X","BR","8"
2839,"D011401752","01","BI","M","17","NE","X","BR","2"
2840,"D011401753","01","AU","X","SI","SI","X","BR","8"
2841,"D011401754","01","AU","M","37","SI","X","BR","5"
2842,"D011401754","02","AU","M","59","SI","X","BR","3"
2843,"D011401755","01","SI","X","SI","SI","X","BR","8"
2844,"D011401756","01","SI","X","SI","SI","X","BR","8"
2845,"D011401757","01","AU","M","37","SI","X","BR","3"
2846,"D011401757","02","AU","M","36","SI","X","BR","5"
2847,"D011401757","03","AU","M","29","SI","X","BR","7"
2848,"D011401758","01","MO","M","20","SI","X","BR","5"
2849,"D011401758","02","AU","M","45","SI","X","BR","5"
2850,"D011401759","01","MO","M","26","SI","X","BR","3"
2851,"D011401760","01","MO","M","23","SI","X","BR","3"
2852,"D011401761","01","SI","X","SI","SI","X","BR","8"
2853,"D011401762","01","AU","M","38","SI","X","BR","2"
2854,"D011401763","01","BI","M","42","NE","X","BR","3"
2855,"D011401763","02","ON","M","56","SI","X","BR","3"
2856,"D011401763","03","CA","X","SI","SI","X","BR","8"
2857,"D011401764","01","AU","M","69","SI","X","BR","7"
2858,"D011401764","02","AU","X","SI","SI","X","BR","8"
2859,"D011401765","01","AU","M","38","SI","X","BR","3"
2860,"D011401766","01","MO","M","26","SI","X","BR","3"
2861,"D011401767","01","AU","M","44","SI","X","BR","7"
2862,"D011401768","01","MO","F","21","SI","X","BR","5"
2863,"D011401768","02","ON","M","39","SI","X","BR","5"
2864,"D011401769","01","AU","F","31","SI","X","BR","5"
2865,"D011401770","01","MO","M","19","SI","X","BR","5"
2866,"D011401771","01","BI","M","16","NE","X","BR","3"
2867,"D011401771","02","ON","M","55","SI","X","BR","3"
2868,"D011401772","01","MO","M","27","SI","X","BR","5"
2869,"D011401772","02","ON","F","SI","SI","X","BR","8"
2870,"D011401773","01","MO","M","21","SI","X","BR","5"
2871,"D011401773","02","CA","M","43","SI","X","BR","8"
2872,"D011401774","01","MO","M","31","HA","X","BR","3"
2873,"D011401774","02","AU","X","SI","SI","X","BR","8"
2874,"D011401774","03","AU","X","SI","SI","X","BR","8"
2875,"D011401775","01","MO","M","20","SI","X","BR","3"
2876,"D011401775","02","AU","X","SI","SI","X","BR","8"
2877,"D011401776","01","MO","M","15","IN","X","BR","2"
2878,"D011401777","01","MO","M","26","SI","X","BR","7"
2879,"D011401777","02","AU","M","55","SI","X","BR","7"
2880,"D011401778","01","AU","M","26","SI","X","BR","8"
2881,"D011401778","02","CA","M","41","SI","X","BR","2"
2882,"D011401781","01","MO","M","28","SI","X","BR","5"
2883,"D011401781","02","CA","X","SI","SI","X","BR","8"
2884,"D011401782","01","AU","F","59","SI","X","BR","5"
2885,"D011401784","01","MO","M","36","SI","X","BR","2"
2886,"D011401784","02","AU","M","49","SI","X","BR","3"
2887,"D011401785","01","CA","M","54","SI","X","BR","3"
2888,"D011401785","02","AU","X","SI","SI","X","BR","8"
2889,"D011401786","01","MO","M","22","SI","X","BR","5"
2890,"D011401787","01","ON","M","45","SI","X","BR","5"
2891,"D011401788","01","ON","M","38","SI","X","BR","2"
2892,"D011401789","01","AU","M","28","HA","X","BR","5"
2893,"D011401790","01","AU","X","SI","SI","X","BR","8"
2894,"D011401791","01","SI","X","SI","SI","X","BR","8"
2895,"D011401792","01","AU","F","20","SI","X","BR","5"
2896,"D011401792","02","BI","F","15","NE","X","BR","5"
2897,"D011401793","01","AU","M","25","SI","X","BR","5"
2898,"D011401794","01","ON","M","33","SI","x","BR","5"
5969,"D021401870","01","AU","M","17","IN","X","BR","3"
5970,"D021401871","01","MO","M","16","IN","X","BR","3"
5971,"D021401871","02","AU","M","26","SI","X","BR","5"
5972,"D021401872","01","VA","M","26","HA","X","BR","5"
5973,"D021401872","02","ON","M","27","HA","X","BR","3"
5974,"D021401873","01","MO","M","26","SI","X","BR","3"
5975,"D021401874","01","SI","X","SI","SI","X","BR","8"
5976,"D021401875","01","AU","M","20","SI","X","BR","5"
5977,"D021401876","01","AU","M","45","SI","X","BR","5"
5978,"D021401876","02","ON","M","48","SI","X","BR","3"
5979,"D021401876","03","ON","M","42","SI","X","BR","5"
5980,"D021401876","04","AU","M","39","SI","X","BR","5"
5981,"D021401877","01","MO","X","SI","SI","X","BR","8"
5982,"D021401878","01","MO","M","21","IN","X","BR","5"
5983,"D021401878","02","SI","X","SI","SI","X","BR","8"
5984,"D021401879","01","AU","M","28","SI","X","BR","5"
5985,"D021401879","02","ON","M","48","SI","X","BR","5"
5986,"D021401880","01","AU","M","55","IN","X","BR","5"
5987,"D021401881","01","MO","M","21","SI","X","BR","5"
5988,"D021401882","01","MO","M","23","IN","X","BR","3"
5989,"D021401882","02","AU","M","60","SI","X","BR","3"
5990,"D021401883","01","MO","M","19","SI","X","BR","3"
5991,"D021401883","02","AU","M","56","SI","X","BR","7"
5992,"D021401884","01","CA","M","25","SI","X","BR","5"
5993,"D021401885","01","AU","X","SI","SI","X","BR","8"
5994,"D021401887","01","AU","M","63","SI","X","BR","2"
5995,"D021401888","01","MO","M","22","SI","X","BR","3"
5996,"D021401889","01","MO","M","32","SI","X","BR","5"
5997,"D021401890","01","ON","M","49","SI","X","BR","3"
5998,"D021401891","01","SI","X","SI","SI","X","BR","8"
5999,"D021401892","01","ON","X","SI","SI","X","BR","8"
6000,"D021401893","01","MO","M","51","HA","X","BR","3"
6001,"D021401893","02","ON","M","60","HA","X","BR","5"
6002,"D021401894","01","MO","M","31","SI","X","BR","5"
6003,"D021401895","01","MO","M","18","SI","X","BR","5"
6004,"D021401895","02","AU","X","SI","SI","X","BR","8"
6005,"D021401895","03","ON","M","35","SI","X","BR","2"
6006,"D021401896","01","MO","M","23","HA","X","BR","5"
6007,"D021401897","01","ON","M","34","SI","X","BR","3"
6008,"D021401898","01","SI","X","SI","SI","X","BR","8"
6009,"D021401900","01","AU","M","22","SI","X","BR","5"
6010,"D021401901","01","BI","M","45","NE","X","BR","3"
6011,"D021401901","02","ON","M","63","SI","X","BR","3"
6012,"D021401902","01","ON","M","47","SI","X","BR","5"
6013,"D021401903","01","MO","M","50","SI","X","BR","3"
6014,"D021401903","02","ON","M","68","SI","X","BR","3"
6015,"D021401904","01","AU","F","31","SI","X","BR","7"
6016,"D021401905","01","AU","M","50","SI","X","BR","5"
6017,"D021401905","02","ON","M","43","SI","X","BR","4"
6018,"D021401905","03","AU","M","28","SI","X","BR","5"
6019,"D021401906","01","CA","M","SI","SI","X","BR","8"
6020,"D021401907","01","AU","M","24","IN","X","BR","7"
6021,"D021401908","01","MO","F","31","SI","X","BR","3"
6022,"D021401909","01","MO","M","21","SI","X","BR","5"
6023,"D021401909","02","AU","M","50","HA","X","BR","8"
6024,"D021401909","03","CA","M","59","SI","X","BR","3"
6025,"D021401910","01","AU","M","33","HA","X","BR","7"
6026,"D021401910","02","AU","X","SI","SI","X","BR","8"
6027,"D021401911","01","ON","M","39","SI","X","BR","3"
6028,"D021401912","01","MO","M","29","IN","X","BR","5"
6029,"D021401912","02","AU","M","26","IN","X","BR","5"
6030,"D021401913","01","ON","M","46","SI","X","BR","5"
6031,"D021401914","01","CA","M","37","SI","X","BR","5"
6032,"D021401915","01","ON","M","44","SI","X","BR","3"
6033,"D021401916","01","AU","M","34","HA","X","BR","3"
6034,"D021401917","01","MO","M","32","IN","X","BR","5"
6035,"D021401917","02","AU","F","29","SI","X","BR","2"
6036,"D021401918","01","MO","M","19","SI","X","BR","3"
6037,"D021401919","01","MO","X","SI","SI","X","BR","8"
6038,"D021401921","01","MO","M","38","SI","X","BR","2"
6039,"D021401922","01","MO","M","24","SI","X","BR","5"
6040,"D021401923","01","MO","M","38","SI","X","BR","8"
6041,"D021401924","01","ON","M","30","SI","X","BR","5"
6042,"D021401925","01","MO","M","20","IN","X","BR","3"
6043,"D021401926","01","ON","M","31","HA","X","BR","5"
6044,"D021401927","01","ON","M","52","SI","X","BR","3"
6045,"D021401928","01","SI","X","SI","SI","X","BR","8"
6046,"D021401929","01","BI","F","34","NE","X","BR","3"
6047,"D021401929","02","CA","M","35","SI","X","BR","3"
6048,"D021401930","01","AU","M","40","SI","X","BR","8"
6049,"D021401931","01","ON","M","49","SI","X","BR","3"
6050,"D021401932","01","AU","M","45","SI","X","BR","5"
6051,"D021401933","01","MO","M","16","IN","X","BR","3"
6052,"D021401933","02","SI","X","SI","SI","X","BR","8"
6053,"D021401934","01","ON","M","46","SI","X","BR","3"
6054,"D021401935","01","MO","M","41","SI","X","BR","3"
6055,"D021401935","02","AU","M","62","SI","X","BR","3"
6056,"D021401935","03","AU","M","40","SI","X","BR","8"
6057,"D021401936","01","CA","M","29","SI","X","BR","4"
6058,"D021401937","01","AU","M","32","SI","X","BR","5"
6059,"D021401938","01","MO","M","19","SI","X","BR","3"
6060,"D021401939","01","ON","M","36","SI","X","BR","5"
6061,"D021401940","01","AU","M","52","SI","X","BR","7"
6062,"D021401940","02","MO","M","31","SI","X","BR","5"
6063,"D021401941","01","ON","M","62","SI","X","BR","3"
6064,"D021401941","02","MO","M","19","SI","X","BR","3"
6065,"D021401942","01","AU","M","41","SI","X","BR","2"
6066,"D021401942","02","MO","M","33","SI","X","BR","7"
6067,"D021401943","01","SI","X","SI","SI","X","BR","8"
6068,"D021401944","01","AU","X","SI","SI","X","BR","8"
6069,"D021401945","01","ON","M","54","SI","X","BR","3"
6070,"D021401945","02","MO","M","34","IN","X","BR","3"
6071,"D021401946","01","MO","M","25","SI","X","BR","3"
6072,"D021401947","01","AU","M","25","SI","X","BR","3"
6073,"D021401948","01","AU","M","64","SI","X","AA","2"
6074,"D021401949","01","MO","M","35","SI","X","BR","5"
6075,"D021401950","01","AU","M","43","SI","X","BR","5"
6076,"D021401951","01","AU","M","18","SI","X","BR","3"
6077,"D021401953","01","MO","M","24","SI","X","BR","5"
6078,"D021401954","01","AU","M","SI","SI","X","BR","8"
6079,"D021401954","02","MO","M","40","HA","X","BR","5"
6080,"D021401955","01","AU","F","75","SI","X","BR","8"
6081,"D021401955","02","AU","M","27","SI","X","BR","8"
6082,"D021401956","01","ON","M","63","SI","X","BR","2"
6083,"D021401957","01","MO","M","24","SI","X","BR","5"
6855,"D031400469","01","AU","X","SI","SI","X","BR","8"
9332,"D031402020","01","MO","M","21","SI","X","BR","5"
9333,"D031402021","01","AU","M","17","IN","X","BR","2"
9334,"D031402021","02","AU","M","42","SI","X","BR","8"
9335,"D031402023","01","AU","X","SI","SI","X","BR","8"
9336,"D031402023","02","MO","M","28","SI","X","BR","2"
9337,"D031402024","01","AU","M","30","SI","X","BR","5"
9338,"D031402025","01","AU","X","SI","SI","X","BR","8"
9339,"D031402026","01","AU","M","31","SI","X","BR","5"
9340,"D031402027","01","MO","M","15","IN","X","BR","3"
9341,"D031402028","01","AU","M","31","SI","X","BR","3"
9342,"D031402029","01","CA","X","SI","SI","X","BR","8"
9343,"D031402029","02","MO","M","39","SI","X","BR","7"
9344,"D031402030","01","MO","M","19","SI","X","BR","5"
9345,"D031402030","02","ON","M","49","SI","X","BR","3"
9346,"D031402031","01","SI","X","SI","SI","X","BR","8"
9347,"D031402032","01","ON","M","38","SI","X","BR","4"
9348,"D031402033","01","SI","X","SI","SI","X","BR","8"
9349,"D031402034","01","AU","M","23","SI","X","BR","3"
9350,"D031402034","02","AU","M","59","SI","X","BR","5"
9351,"D031402035","01","MO","M","16","IN","X","BR","3"
9352,"D031402036","01","ON","M","34","SI","X","BR","6"
9353,"D031402037","01","AU","M","25","SI","X","BR","3"
9354,"D031402038","01","ON","M","60","SI","X","BR","3"
9355,"D031402040","01","MO","M","25","SI","X","BR","6"
9356,"D031402040","02","AU","M","34","SI","X","BR","5"
9357,"D031402043","01","MO","M","36","SI","X","BR","7"
9358,"D031402043","02","CA","X","SI","SI","X","BR","8"
9359,"D031402044","01","MO","M","21","SI","X","BR","3"
9360,"D031402045","01","SI","X","SI","SI","X","BR","8"
9361,"D031402046","01","MO","M","16","IN","X","BR","3"
9362,"D031402046","02","SI","X","SI","SI","X","BR","8"
9363,"D031402047","01","MO","M","37","SI","X","BR","3"
9364,"D031402048","01","MC","X","SI","SI","X","BR","8"
9365,"D031402049","01","SI","X","SI","SI","X","BR","8"
9366,"D031402050","01","ON","M","60","SI","X","BR","5"
9367,"D031402051","01","MO","M","SI","SI","X","BR","8"
9368,"D031402051","02","MO","M","SI","SI","X","BR","8"
9369,"D031402052","01","MO","M","40","SI","X","BR","5"
9370,"D031402053","01","BI","M","38","NE","X","BR","2"
9371,"D031402053","02","ON","M","54","SI","X","BR","5"
9372,"D031402054","01","MO","M","32","SI","X","BR","5"
9373,"D031402055","01","BI","X","SI","NE","X","BR","8"
9374,"D031402056","01","MO","M","32","SI","X","BR","8"
9375,"D031402056","02","AU","M","41","SI","X","BR","5"
9376,"D031402057","01","ON","M","32","SI","X","BR","5"
9377,"D031402058","01","MO","M","22","IN","X","BR","6"
9378,"D031402058","02","CA","M","55","SI","X","BR","2"
9379,"D031402059","01","MO","X","SI","SI","X","BR","8"
9380,"D031402061","01","AU","M","23","SI","X","BR","6"
9381,"D031402062","01","AU","M","25","SI","X","BR","5"
9382,"D031402063","01","AU","M","30","SI","X","BR","7"
9383,"D031402064","01","AU","X","SI","SI","X","BR","8"
9384,"D031402064","02","MO","M","22","SI","X","BR","5"
9385,"D031402065","01","AU","M","54","SI","X","BR","5"
9386,"D031402065","02","MO","M","31","SI","X","BR","5"
9387,"D031402066","01","AU","X","SI","SI","X","BR","8"
9388,"D031402067","01","MO","M","22","SI","X","BR","3"
9389,"D031402068","01","MO","M","28","SI","X","BR","5"
9390,"D031402069","01","ON","M","56","HA","X","BR","3"
9391,"D031402070","01","AU","M","31","SI","X","BR","5"
9392,"D031402071","01","MO","M","28","HA","X","BR","6"
9393,"D031402071","02","MO","M","50","HA","X","BR","3"
9394,"D031402072","01","MO","M","20","SI","X","BR","3"
9395,"D031402073","01","MO","M","20","SI","X","BR","5"
9396,"D031402074","01","ON","M","37","SI","X","BR","3"
9397,"D031402074","02","MO","M","37","SI","X","BR","5"
9398,"D031402075","01","MO","M","33","SI","X","BR","5"
9399,"D031402076","01","AU","M","22","SI","X","BR","5"
9400,"D031402077","01","MO","M","51","SI","X","BR","3"
9401,"D031402078","01","SI","X","SI","SI","X","BR","8"
9402,"D031402079","01","SI","X","SI","SI","X","BR","8"
9403,"D031402080","01","ON","M","36","SI","X","BR","5"
9404,"D031402081","01","MO","M","32","SI","X","BR","5"
9405,"D031402081","02","CA","M","31","HA","X","BR","5"
9406,"D031402082","01","AU","M","32","SI","X","BR","5"
9407,"D031402083","01","AU","M","27","SI","X","BR","5"
9408,"D031402084","01","MO","M","31","SI","X","BR","7"
9409,"D031402084","02","ON","M","36","SI","X","BR","3"
9410,"D031402085","01","SI","X","SI","SI","X","BR","8"
9411,"D031402086","01","AU","M","24","SI","X","BR","7"
9412,"D031402087","01","MO","M","20","HA","X","BR","5"
9413,"D031402087","02","AU","M","29","SI","X","BR","5"
9414,"D031402088","01","MO","M","27","SI","X","BR","8"
9415,"D031402089","01","AU","M","54","SI","X","BR","5"
9416,"D031402089","02","AU","M","18","IN","X","BR","3"
9417,"D031402089","03","CA","M","56","SI","X","BR","3"
9418,"D031402090","01","AU","M","51","SI","X","BR","5"
9419,"D031402090","02","AU","M","SI","SI","X","BR","8"
9420,"D031402091","01","MO","M","28","SI","X","BR","5"
9421,"D031402091","02","AU","M","39","SI","X","BR","3"
9422,"D031402092","01","AU","F","30","SI","X","BR","7"
9423,"D031402093","01","AU","M","33","SI","X","BR","5"
9424,"D031402094","01","MO","M","25","SI","X","BR","5"
9425,"D031402095","01","CA","X","SI","SI","X","BR","8"
9426,"D031402096","01","ON","X","SI","SI","X","BR","8"
9427,"D031402097","01","ON","M","SI","SI","X","BR","8"
9428,"D031402098","01","MO","M","28","HA","X","BR","3"
9429,"D031402099","01","AU","F","27","SI","X","BR","3"
9430,"D031402099","02","ON","M","47","SI","X","BR","3"
9431,"D031402100","01","AU","M","37","SI","X","BR","3"
9432,"D031402100","02","CA","X","SI","SI","X","BR","8"
9433,"D031402101","01","MO","M","50","SI","X","BR","3"
9434,"D031402101","02","AU","X","SI","SI","X","BR","8"
9435,"D031402101","03","CA","M","46","SI","X","BR","3"
9436,"D031402102","01","BI","M","42","NE","X","BR","3"
9437,"D031402102","02","AU","F","34","SI","X","BR","7"
9438,"D031402103","01","AU","M","25","HA","X","BR","5"
9439,"D031402104","01","MO","M","29","HA","X","BR","7"
9440,"D031402104","02","AU","M","51","SI","X","BR","3"
9441,"D031402105","01","MO","M","28","SI","X","BR","5"
9442,"D031402105","02","ON","M","46","HA","X","BR","3"
9443,"D031402106","01","AU","M","23","SI","X","BR","5"
9444,"D031402107","01","AU","M","30","SI","X","BR","6"
9445,"D031402108","01","MO","M","23","IN","X","BR","3"
9446,"D031402108","02","CA","M","40","SI","X","BR","5"
9447,"D031402109","01","AU","M","23","SI","X","BR","8"
9448,"D031402110","01","AU","M","24","SI","X","BR","5"
9449,"D031402111","01","ON","X","SI","SI","X","BR","8"
9450,"D031402112","01","MO","M","SI","SI","X","BR","8"
9451,"D031402112","02","CA","M","SI","SI","X","BR","8"
9452,"D031402113","01","AU","M","32","SI","X","BR","5"
9453,"D031402113","02","CA","M","41","SI","X","BR","3"
9454,"D031402114","01","AU","M","30","SI","X","BR","8"
9455,"D031402115","01","SI","X","SI","SI","X","BR","8"
9456,"D031402116","01","AU","M","20","SI","X","BR","6"
9457,"D031402117","01","ON","M","36","SI","X","BR","5"
9458,"D031402118","01","MO","M","33","SI","X","BR","5"
9459,"D031402118","02","CA","M","20","SI","X","BR","3"
9460,"D031402119","01","AU","M","64","SI","X","BR","3"
9461,"D031402119","02","CA","M","29","SI","X","BR","5"
9462,"D031402120","01","SI","X","SI","SI","X","BR","8"
9463,"D031402121","01","AU","M","27","IN","X","BR","6"
9464,"D031402122","01","MO","M","45","IN","X","BR","3"
9465,"D031402123","01","ON","M","38","SI","X","BR","3"
9466,"D031402124","01","MO","M","58","SI","X","BR","5"
9492,"D041400016","01","MO","M","36","HA","X","BR","7"
9827,"D041400235","01","AU","M","34","SI","X","BR","7"
10888,"D041400871","01","AU","M","83","SI","X","AA","7"
11076,"D041400981","01","AU","M","38","SI","X","BR","8"
11077,"D041400981","02","MO","M","39","SI","X","BR","5"
11662,"D041401328","01","AU","M","24","SI","X","BR","5"
12687,"D041401950","01","BI","M","17","NE","X","BR","3"
12866,"D041402066","01","AU","M","18","IN","X","BR","3"
12867,"D041402066","02","AU","X","SI","SI","X","BR","8"
12868,"D041402066","03","CM","X","SI","SI","X","BR","8"
12869,"D041402067","01","AU","M","SI","SI","X","BR","8"
12870,"D041402068","01","AU","M","27","IN","X","BR","8"
12871,"D041402069","01","ON","M","SI","SI","X","BR","5"
12872,"D041402070","01","AU","F","31","SI","X","BR","6"
12873,"D041402070","02","AU","M","19","IN","X","BR","3"
12874,"D041402071","01","SI","X","SI","SI","X","BR","8"
12875,"D041402072","01","AU","M","40","SI","X","BR","3"
12876,"D041402073","01","AU","M","16","IN","X","BR","5"
12877,"D041402074","01","MO","M","33","SI","X","BR","7"
12878,"D041402074","02","AU","X","SI","SI","X","BR","8"
12879,"D041402075","01","AU","M","28","SI","X","BR","5"
12880,"D041402076","01","AU","M","21","IN","X","BR","5"
12881,"D041402077","01","MO","F","26","SI","X","BR","5"
12882,"D041402077","02","SI","X","SI","SI","X","BR","8"
12883,"D041402077","03","ON","M","27","SI","X","BR","3"
12884,"D041402078","01","MO","M","28","SI","X","BR","5"
12885,"D041402079","01","SI","X","SI","SI","X","BR","8"
12886,"D041402080","01","AU","M","36","SI","X","BR","3"
12887,"D041402080","02","CA","M","66","SI","X","BR","3"
12888,"D041402081","01","AU","M","45","IN","X","BR","2"
12889,"D041402082","01","MO","M","20","SI","X","BR","3"
12890,"D041402082","02","ON","M","59","SI","X","BR","5"
12891,"D041402083","01","MO","M","20","SI","X","BR","5"
12892,"D041402084","01","MO","M","23","SI","X","BR","5"
12893,"D041402085","01","MO","M","25","SI","X","BR","8"
12894,"D041402086","01","AU","X","SI","SI","X","BR","8"
12895,"D041402087","01","AU","M","29","HA","X","BR","5"
12896,"D041402088","01","AU","M","19","SI","X","BR","2"
12897,"D041402089","01","AU","M","22","SI","X","BR","5"
12898,"D041402090","01","AU","M","21","SI","X","BR","3"
12899,"D041402091","01","MO","M","15","IN","X","BR","5"
12900,"D041402092","01","CA","M","49","SI","X","BR","3"
12901,"D041402093","01","MO","M","67","SI","X","BR","2"
12902,"D041402094","01","MO","M","23","IN","X","BR","3"
12903,"D041402095","01","AU","M","22","SI","X","BR","5"
12904,"D041402095","02","AU","M","42","SI","X","BR","5"
12905,"D041402096","01","ON","M","52","HA","X","BR","2"
12906,"D041402097","01","ON","M","61","HA","X","BR","2"
12907,"D041402098","01","MO","M","29","SI","X","BR","3"
12908,"D041402098","02","ON","M","43","SI","X","BR","3"
12909,"D041402099","01","MO","M","31","SI","X","BR","5"
12910,"D041402099","02","CA","M","40","SI","X","BR","5"
12911,"D041402100","01","CA","M","59","SI","X","BR","2"
12912,"D041402101","01","ON","M","34","SI","X","BR","3"
12913,"D041402102","01","ON","M","32","SI","X","BR","5"
12914,"D041402103","01","MO","M","41","SI","X","BR","3"
12915,"D041402103","02","AU","M","63","SI","X","AA","3"
12916,"D041402103","03","ON","M","29","SI","X","BR","3"
12917,"D041402104","01","AU","M","SI","SI","X","BR","8"
12918,"D041402105","01","AU","M","47","SI","X","BR","5"
12919,"D041402105","02","CA","M","28","SI","X","BR","5"
12920,"D041402105","03","CA","M","49","SI","X","BR","5"
12921,"D041402105","04","CA","M","57","SI","X","BR","3"
12922,"D041402105","05","CA","M","46","SI","X","BR","2"
12923,"D041402105","06","CA","M","30","SI","X","BR","3"
12924,"D041402106","01","MO","M","25","HA","X","BR","5"
12925,"D041402107","01","MO","M","23","SI","X","BR","2"
12926,"D041402107","02","AU","M","40","SI","X","BR","7"
12927,"D041402107","03","CA","M","24","SI","X","BR","4"
12928,"D041402108","01","MO","M","17","IN","X","BR","5"
12929,"D041402109","01","MO","M","55","SI","X","BR","7"
12930,"D041402110","01","MO","M","26","SI","X","BR","5"
12931,"D041402110","02","AU","M","39","SI","X","BR","7"
12932,"D041402111","01","AU","F","24","HA","X","BR","8"
12933,"D041402112","01","MO","M","19","SI","X","BR","5"
12934,"D041402112","02","AU","M","33","SI","X","BR","5"
12935,"D041402113","01","CA","X","SI","SI","X","BR","8"
12936,"D041402114","01","SI","X","SI","SI","X","BR","8"
12937,"D041402114","02","MO","M","23","SI","X","BR","6"
12938,"D041402115","01","MO","M","23","SI","X","BR","6"
12939,"D041402115","02","AU","M","36","SI","X","BR","5"
12940,"D041402115","03","AU","F","23","SI","X","BR","6"
12941,"D041402115","04","AU","M","31","SI","X","BR","7"
12942,"D041402116","01","BI","M","15","NE","X","BR","2"
12943,"D041402116","02","CA","M","43","SI","X","BR","5"
12944,"D041402117","01","ON","M","40","SI","X","BR","5"
12945,"D041402118","01","MO","M","18","SI","X","BR","3"
12946,"D041402119","01","MO","M","21","SI","X","BR","3"
12947,"D041402120","01","MO","M","28","SI","X","BR","3"
12948,"D041402121","01","AU","F","87","SI","X","BR","5"
12949,"D041402122","01","SI","X","SI","SI","X","BR","8"
12950,"D041402123","01","AU","X","SI","SI","X","BR","8"
12951,"D041402124","01","AU","F","56","SI","X","BR","8"
12952,"D041402124","02","ON","M","49","SI","X","BR","3"
12953,"D041402125","01","AU","X","SI","SI","X","BR","8"
12954,"D041402126","01","AU","F","37","SI","X","BR","8"
12955,"D041402127","01","ON","M","37","SI","X","BR","8"
12956,"D041402128","01","SI","X","SI","SI","X","BR","8"
12957,"D041402129","01","BI","M","SI","NE","X","BR","5"
12958,"D041402129","02","CA","M","22","SI","X","BR","5"
12959,"D041402130","01","BI","M","21","NE","X","BR","3"
12960,"D041402130","02","AU","M","25","SI","X","BR","5"
12961,"D041402130","03","AU","M","46","SI","X","BR","3"
12962,"D041402131","01","AU","X","SI","SI","X","BR","8"
12963,"D041402132","01","MO","M","22","SI","X","BR","3"
12964,"D041402133","01","MO","X","SI","SI","X","BR","8"
12965,"D041402134","01","MO","M","42","SI","X","BR","2"
12966,"D041402134","02","CA","M","51","SI","X","BR","4"
12967,"D041402135","01","AU","M","53","SI","X","BR","7"
12968,"D041402137","01","AU","M","77","SI","X","BR","5"
12969,"D041402138","01","AU","M","46","SI","X","BR","7"
12970,"D041402139","01","AU","M","39","SI","X","BR","4"
12971,"D041402139","02","AU","M","32","SI","X","BR","3"
12972,"D041402140","01","MO","M","23","SI","X","BR","3"
12973,"D041402140","02","AU","M","39","SI","X","BR","3"
12974,"D041402141","01","AU","M","31","SI","X","BR","6"
12975,"D041402142","01","ON","M","56","SI","X","BR","3"
12976,"D041402143","01","BI","M","34","NE","X","BR","4"
12977,"D041402143","02","AU","M","22","SI","X","BR","6"
12978,"D041402144","01","AU","M","47","SI","X","BR","6"
12979,"D041402145","01","MO","M","23","SI","X","BR","5"
12980,"D041402146","01","SI","X","SI","SI","X","BR","8"
12981,"D041402147","01","ON","X","SI","SI","X","BR","8"
12982,"D041402148","01","ON","M","25","SI","X","BR","5"
12983,"D041402149","01","AU","M","35","SI","X","BR","3"
12984,"D041402149","02","AU","M","21","SI","X","BR","8"
12985,"D041402150","01","MO","M","20","IN","X","BR","5"
12986,"D041402150","02","MO","X","SI","SI","X","BR","8"
12987,"D041402151","01","MO","F","41","SI","X","BR","5"
12988,"D041402151","02","CA","M","39","HA","X","BR","8"
12989,"D041402152","01","AU","F","70","SI","X","BR","3"
12990,"D041402153","01","MO","M","21","SI","X","BR","5"
12991,"D041402154","01","SI","X","SI","SI","X","BR","8"
12992,"D041402155","01","SI","X","SI","SI","X","BR","8"
13409,"D051400259","01","AU","M","35","SI","X","BR","8"
14386,"D051400828","01","ON","M","44","SI","X","BR","3"
14387,"D051400828","02","AU","M","25","SI","X","BR","3"
14711,"D051401021","01","AU","M","49","SI","X","BR","7"
14716,"D051401025","01","MO","M","32","SI","X","BR","3"
14860,"D051401116","01","ON","X","SI","SI","X","BR","8"
14861,"D051401116","02","AU","M","36","SI","X","BR","5"
14862,"D051401116","03","AU","M","31","SI","X","BR","5"
15402,"D051401447","01","BI","M","20","NE","X","BR","5"
15403,"D051401447","02","OU","M","41","HA","X","BR","3"
15416,"D051401455","01","MO","X","SI","SI","X","BR","8"
15475,"D051401496","01","ON","X","SI","SI","X","BR","8"
15510,"D051401519","01","AU","F","42","SI","X","BR","7"
16212,"D051401975","01","MO","M","18","SI","X","BR","3"
16213,"D051401976","01","ON","M","34","SI","X","BR","5"
16214,"D051401977","01","MO","M","41","SI","X","BR","8"
16215,"D051401977","02","AU","M","65","SI","X","BR","8"
16216,"D051401977","03","AU","X","SI","SI","X","BR","8"
16217,"D051401978","01","AU","M","26","HA","X","AA","6"
16218,"D051401979","01","CA","M","47","HA","X","BR","5"
16219,"D051401980","01","MO","M","24","SI","X","BR","3"
16220,"D051401980","02","AU","X","SI","SI","X","BR","8"
16221,"D051401981","01","AU","M","16","IN","X","BR","3"
16222,"D051401981","02","ON","M","53","HA","X","BR","8"
16223,"D051401982","01","AU","M","30","IN","X","BR","5"
16224,"D051401982","02","AU","M","24","SI","X","BR","5"
16225,"D051401982","03","AU","M","39","SI","X","BR","3"
16226,"D051401983","01","MO","M","22","SI","X","AA","3"
16227,"D051401985","01","AU","X","SI","SI","X","BR","8"
16228,"D051401986","01","MO","M","14","IN","X","BR","2"
16229,"D051401986","02","AU","F","28","SI","X","BR","7"
16230,"D051401987","01","MO","M","SI","SI","X","BR","8"
16231,"D051401988","01","AU","M","25","IN","X","BR","5"
16232,"D051401988","02","ON","M","56","HA","X","BR","3"
16233,"D051401990","01","MO","M","24","SI","X","BR","3"
16234,"D051401990","02","ON","M","36","SI","X","BR","5"
16235,"D051401991","01","SI","X","SI","SI","X","BR","8"
16236,"D051401992","01","MO","M","24","SI","X","BR","5"
16237,"D051401992","02","AU","M","21","SI","X","BR","5"
16238,"D051401993","01","MO","M","33","SI","X","BR","5"
16239,"D051401994","01","AU","M","24","SI","X","BR","5"
16240,"D051401995","01","SI","X","SI","SI","X","BR","8"
16241,"D051401996","01","ON","M","47","SI","X","BR","3"
16242,"D051401997","01","AU","M","37","SI","X","BR","2"
16243,"D051401997","02","ON","M","63","SI","X","BR","3"
16244,"D051401998","01","AU","M","22","IN","X","BR","5"
16245,"D051401999","01","MO","M","25","SI","X","BR","3"
16246,"D051401999","02","CA","M","45","SI","X","BR","3"
16247,"D051402000","01","AU","F","35","HA","X","BR","7"
16248,"D051402000","02","AU","M","33","HA","X","BR","5"
16249,"D051402001","01","ON","M","63","SI","X","BR","8"
16250,"D051402002","01","AU","M","SI","SI","X","BR","8"
16251,"D051402003","01","MO","M","29","SI","X","BR","3"
16252,"D051402003","02","AU","M","50","SI","X","BR","4"
16253,"D051402004","01","AU","F","47","HA","X","BR","5"
16254,"D051402005","01","AU","M","21","SI","X","BR","8"
16255,"D051402006","01","MO","M","27","SI","X","BR","7"
16256,"D051402006","02","AU","M","41","SI","X","BR","5"
16257,"D051402007","01","MO","M","33","SI","X","BR","6"
16258,"D051402008","01","MO","M","25","HA","X","BR","5"
16259,"D051402009","01","MO","M","22","SI","X","BR","3"
16260,"D051402009","02","AU","X","SI","SI","X","BR","8"
16261,"D051402009","03","ON","M","36","SI","X","BR","3"
16262,"D051402010","01","AU","M","31","SI","X","BR","3"
16263,"D051402011","01","MO","M","49","SI","X","BR","6"
16264,"D051402012","01","MO","M","32","SI","X","BR","5"
16265,"D051402013","01","MO","M","27","SI","X","BR","8"
16266,"D051402013","02","AU","X","SI","SI","X","BR","8"
16267,"D051402014","01","MO","M","28","IN","X","BR","5"
16268,"D051402014","02","ON","X","SI","SI","X","BR","8"
16269,"D051402015","01","AU","M","22","IN","X","BR","2"
16270,"D051402015","02","AU","X","SI","SI","X","BR","8"
16271,"D051402016","01","MO","M","16","IN","X","BR","3"
16272,"D051402017","01","AU","M","25","HA","X","AA","3"
16273,"D051402018","01","MO","M","14","IN","X","BR","3"
16274,"D051402018","02","AU","M","25","HA","X","BR","3"
16275,"D051402019","01","AU","M","18","SI","X","BR","7"
16276,"D051402020","01","ON","M","44","SI","X","AA","2"
16277,"D051402021","01","SI","X","SI","SI","X","BR","8"
16278,"D051402022","01","AU","F","34","SI","X","BR","7"
16279,"D051402022","02","AU","M","26","SI","X","BR","8"
16280,"D051402023","01","SI","X","SI","SI","X","BR","8"
16281,"D051402024","01","MO","M","48","SI","X","BR","5"
16282,"D051402024","02","AU","M","39","SI","X","BR","5"
16283,"D051402025","01","MO","M","23","SI","X","BR","8"
16284,"D051402026","01","MO","M","46","SI","X","BR","3"
16285,"D051402026","02","CA","M","35","SI","X","BR","5"
16286,"D051402026","03","CA","X","SI","SI","X","BR","8"
16287,"D051402027","01","AU","X","SI","SI","X","BR","8"
16288,"D051402028","01","MO","X","SI","SI","X","BR","8"
16289,"D051402029","01","MO","M","24","SI","X","BR","5"
16290,"D051402030","01","ON","M","48","SI","X","BR","5"
16291,"D051402031","01","CA","M","56","SI","X","BR","8"
16292,"D051402032","01","ON","M","43","SI","X","BR","5"
16293,"D051402033","01","MO","M","14","IN","X","BR","2"
16294,"D051402033","02","AU","X","SI","SI","X","BR","8"
16295,"D051402034","01","ON","X","SI","SI","X","BR","8"
16296,"D051402035","01","ON","M","62","SI","X","BR","3"
16297,"D051402036","01","AU","M","28","SI","X","BR","8"
16298,"D051402037","01","MO","M","48","HA","X","BR","3"
16299,"D051402037","02","AU","M","35","HA","X","BR","8"
16300,"D051402038","01","AU","M","28","SI","X","BR","8"
16301,"D051402038","02","AU","X","SI","SI","X","BR","8"
16302,"D051402039","01","AU","X","SI","SI","X","BR","8"
16303,"D051402040","01","MO","M","52","SI","X","BR","2"
16304,"D051402041","01","AU","M","30","SI","X","BR","3"
16305,"D051402042","01","MO","M","52","SI","X","BR","3"
16306,"D051402043","01","SI","X","SI","SI","X","BR","8"
16307,"D051402044","01","MO","M","22","SI","X","BR","3"
16308,"D051402044","02","CA","M","27","SI","X","BR","3"
16309,"D051402045","01","MO","M","52","SI","X","BR","5"
16310,"D051402045","02","AU","M","33","SI","X","BR","7"
16311,"D051402045","03","AU","F","27","SI","X","BR","7"
16312,"D051402046","01","AU","M","50","SI","X","BR","8"
16313,"D051402046","02","AU","M","33","SI","X","BR","5"
16314,"D051402047","01","MO","M","22","SI","X","BR","2"
16315,"D051402048","01","AU","M","30","SI","X","BR","3"
16316,"D051402049","01","AU","M","41","SI","X","BR","7"
16317,"D051402050","01","BI","M","48","NE","X","BR","2"
16318,"D051402051","01","MO","M","38","SI","X","BR","5"
16319,"D051402051","02","CA","M","35","SI","X","BR","2"
16320,"D051402052","01","MO","M","28","HA","X","BR","5"
16321,"D051402052","02","AU","M","33","HA","X","BR","5"
16322,"D051402054","01","MO","M","36","SI","X","BR","5"
16323,"D051402054","02","MO","M","43","SI","X","BR","8"
16324,"D051402055","01","AU","M","59","SI","X","BR","3"
16325,"D051402056","01","AU","F","37","HA","X","BR","7"
16326,"D051402057","01","CA","M","33","SI","X","BR","8"
16327,"D051402058","01","MO","M","31","SI","X","BR","3"
16328,"D051402058","02","AU","M","38","SI","X","BR","3"
16329,"D051402059","01","ON","M","27","SI","X","BR","5"
16330,"D051402060","01","AU","M","40","HA","X","BR","7"
16331,"D051402061","01","AU","M","61","SI","X","BR","8"
16332,"D051402062","01","MO","M","21","SI","X","BR","5"
16333,"D051402062","02","CA","M","36","SI","X","BR","5"
16334,"D051402062","03","CA","M","58","SI","X","BR","2"
16335,"D051402063","01","MO","M","21","SI","X","BR","3"
16336,"D051402064","01","BI","M","17","NE","X","BR","3"
16337,"D051402064","02","ON","M","61","SI","X","BR","2"
16338,"D051402065","01","AU","F","33","SI","X","BR","3"
16339,"D051402066","01","MO","M","25","SI","X","BR","5"
16340,"D051402067","01","AU","M","18","SI","X","BR","5"
16341,"D051402067","02","CA","X","SI","SI","X","BR","8"
16342,"D051402068","01","ON","M","44","HA","X","BR","3"
16343,"D051402069","01","MO","F","36","HA","X","BR","7"
16344,"D051402069","02","AU","M","33","SI","X","BR","5"
16345,"D051402069","03","SI","X","SI","SI","X","BR","8"
16346,"D051402070","01","MO","F","20","IN","X","BR","5"
16347,"D051402070","02","ON","M","63","HA","X","BR","3"
16348,"D051402071","01","MO","M","19","IN","X","BR","5"
16349,"D051402072","01","MO","M","36","IN","X","BR","8"
16350,"D051402072","02","CA","M","22","SI","X","BR","3"
16351,"D051402072","03","AU","M","45","SI","X","BR","7"
16352,"D051402073","01","SI","X","SI","SI","X","BR","8"
16353,"D051402074","01","AU","M","28","HA","X","BR","7"
16354,"D051402075","01","AU","M","25","IN","X","AA","5"
16355,"D051402076","01","AU","M","50","SI","X","BR","3"
16356,"D051402077","01","ON","M","50","SI","X","BR","2"
16357,"D051402078","01","MO","M","30","SI","X","BR","5"
16358,"D051402078","02","SI","X","SI","SI","X","BR","8"
16359,"D051402079","01","SI","X","SI","SI","X","BR","8"
16360,"D051402080","01","BI","M","55","NE","X","BR","5"
16361,"D051402081","01","MO","X","SI","SI","X","BR","8"
16362,"D051402082","01","SI","X","SI","SI","X","BR","8"
16363,"D051402083","01","MO","M","29","SI","X","BR","7"
16364,"D051402084","01","SI","X","SI","SI","X","BR","8"
16365,"D051402085","01","MO","M","44","SI","X","BR","7"
16442,"D061400053","01","MO","M","31","SI","X","BR","8"
18016,"D061401024","01","AU","M","34","SI","X","BR","7"
18017,"D061401024","02","AU","M","49","SI","X","BR","5"
18850,"D061401548","01","MO","M","21","SI","X","BR","3"
18851,"D061401548","02","AU","M","28","SI","X","BR","7"
19071,"D061401681","01","SI","X","SI","SI","X","BR","8"
19529,"D061401981","01","MO","M","32","SI","X","BR","2"
19530,"D061401981","02","CA","M","50","SI","X","BR","5"
19531,"D061401982","01","MO","M","36","SI","X","BR","8"
19532,"D061401983","01","MO","M","35","SI","X","BR","3"
19533,"D061401984","01","AU","M","46","SI","X","BR","7"
19534,"D061401985","01","MO","M","19","SI","X","BR","5"
19535,"D061401985","02","AU","F","41","SI","X","BR","7"
19536,"D061401986","01","AU","M","30","SI","X","BR","6"
19537,"D061401986","02","AU","M","39","SI","X","BR","5"
19538,"D061401987","01","BI","M","46","NE","X","BR","3"
19539,"D061401987","02","AU","M","44","SI","X","BR","5"
19540,"D061401988","01","MO","X","SI","SI","X","BR","8"
19541,"D061401989","01","SI","X","SI","SI","X","BR","8"
19542,"D061401990","01","SI","X","SI","SI","X","BR","8"
19543,"D061401991","01","AU","M","21","SI","X","BR","2"
19544,"D061401991","02","CA","M","54","SI","X","BR","5"
19545,"D061401992","01","MO","M","28","SI","X","BR","6"
19546,"D061401992","02","AU","M","31","SI","X","BR","3"
19547,"D061401993","01","CA","M","38","SI","X","BR","8"
19548,"D061401994","01","MO","M","27","SI","X","BR","3"
19549,"D061401994","02","CA","X","SI","SI","X","BR","8"
19550,"D061401995","01","AU","M","35","SI","X","BR","7"
19551,"D061401996","01","MO","M","24","SI","X","BR","3"
19552,"D061401996","02","AU","X","SI","SI","X","BR","8"
19553,"D061401997","01","AU","M","54","SI","X","BR","5"
19554,"D061401998","01","SI","X","SI","SI","X","BR","8"
19555,"D061401999","01","BI","M","54","NE","X","BR","7"
19556,"D061401999","02","MC","M","61","SI","X","BR","2"
19557,"D061402000","01","MO","M","45","SI","X","BR","3"
19558,"D061402000","02","AU","M","33","SI","X","BR","7"
19559,"D061402001","01","AU","M","27","IN","X","BR","5"
19560,"D061402002","01","MO","M","21","SI","X","BR","5"
19561,"D061402003","01","MO","M","51","SI","X","BR","3"
19562,"D061402003","02","AU","F","39","SI","X","BR","7"
19563,"D061402004","01","MO","M","21","SI","X","BR","3"
19564,"D061402004","02","AU","M","37","SI","X","BR","3"
19565,"D061402005","01","ON","M","31","SI","X","BR","5"
19566,"D061402006","01","CA","M","45","SI","X","BR","5"
19567,"D061402007","01","AU","M","47","SI","X","BR","3"
19568,"D061402008","01","SI","X","SI","SI","X","BR","8"
19569,"D061402009","01","MO","M","26","SI","X","BR","5"
19570,"D061402010","01","MO","M","32","SI","X","BR","5"
19571,"D061402010","02","AU","M","24","SI","X","BR","3"
19572,"D061402010","03","AU","M","31","SI","X","BR","3"
19573,"D061402011","01","MO","M","30","SI","X","BR","3"
19574,"D061402011","02","MO","M","27","SI","X","BR","5"
19575,"D061402011","03","MO","M","29","SI","X","BR","5"
19576,"D061402011","04","AU","F","30","SI","X","BR","7"
19577,"D061402012","01","MO","M","28","SI","X","BR","7"
19578,"D061402012","02","AU","M","25","IN","X","BR","3"
19579,"D061402013","01","SI","X","SI","SI","X","BR","8"
19580,"D061402014","01","MO","M","16","IN","X","BR","3"
19581,"D061402014","02","ON","M","39","SI","X","BR","8"
19582,"D061402015","01","MO","M","15","IN","X","BR","3"
19583,"D061402016","01","AU","M","21","HA","X","BR","7"
19584,"D061402017","01","ON","M","33","SI","X","BR","5"
19585,"D061402018","01","ON","M","29","SI","X","BR","5"
19586,"D061402019","01","ON","X","SI","SI","X","BR","8"
19587,"D061402020","01","AU","M","24","SI","X","BR","7"
19588,"D061402021","01","MO","M","20","SI","X","BR","5"
19589,"D061402021","02","ON","M","65","SI","X","BR","5"
19590,"D061402022","01","MO","M","SI","SI","X","BR","8"
19591,"D061402022","02","MO","X","SI","SI","X","BR","8"
19592,"D061402022","03","ON","M","49","SI","X","BR","2"
19593,"D061402023","01","MO","M","27","SI","X","BR","5"
19594,"D061402023","02","AU","M","23","IN","X","BR","3"
19595,"D061402023","03","AU","M","67","SI","X","BR","3"
19596,"D061402024","01","AU","M","45","SI","X","BR","7"
19597,"D061402025","01","AU","F","30","IN","X","BR","5"
19598,"D061402026","01","MO","M","20","IN","X","BR","5"
19599,"D061402026","02","AU","M","52","SI","X","BR","8"
19600,"D061402026","03","AU","M","SI","SI","X","BR","5"
19601,"D061402027","01","AU","M","35","SI","X","AA","7"
19602,"D061402028","01","MO","M","26","IN","X","BR","2"
19603,"D061402028","02","AU","M","26","IN","X","BR","3"
19604,"D061402029","01","AU","M","24","SI","X","BR","5"
19605,"D061402030","01","MO","M","33","SI","X","BR","5"
19606,"D061402030","02","AU","M","26","SI","X","BR","5"
19607,"D061402031","01","MO","M","28","SI","X","BR","3"
19608,"D061402031","02","ON","M","41","SI","X","BR","3"
19609,"D061402031","03","MO","M","35","SI","X","BR","5"
19610,"D061402032","01","MO","M","50","SI","X","BR","3"
19611,"D061402032","02","AU","M","22","SI","X","BR","5"
19612,"D061402033","01","AU","M","22","SI","X","BR","5"
19613,"D061402034","01","MO","M","26","SI","X","BR","5"
19614,"D061402034","02","AU","M","39","SI","X","BR","8"
19615,"D061402034","03","AU","X","SI","SI","X","BR","8"
19616,"D061402034","04","AU","X","SI","SI","X","BR","8"
19617,"D061402034","05","AU","X","SI","SI","X","BR","8"
19618,"D061402035","01","MO","M","43","SI","X","BR","5"
19619,"D061402035","02","ON","M","47","SI","X","BR","3"
19620,"D061402036","01","MO","M","35","SI","X","BR","5"
19621,"D061402037","01","AU","M","25","HA","X","BR","2"
19622,"D061402037","02","SI","X","SI","SI","X","BR","8"
19623,"D061402038","01","AU","M","27","SI","X","BR","2"
19624,"D061402038","02","ON","M","54","SI","X","BR","5"
19625,"D061402039","01","MO","M","63","SI","X","BR","3"
19626,"D061402039","02","AU","M","50","SI","X","BR","3"
19627,"D061402039","03","CA","M","26","SI","X","BR","5"
19628,"D061402040","01","MO","M","21","SI","X","BR","5"
19629,"D061402040","02","MO","M","16","IN","X","BR","3"
19630,"D061402041","01","AU","M","18","IN","X","BR","3"
19631,"D061402042","01","MO","M","25","SI","X","BR","8"
19632,"D061402043","01","AU","M","23","HA","X","BR","5"
19633,"D061402044","01","AU","M","34","IN","X","BR","3"
19634,"D061402044","02","ON","M","36","SI","X","BR","5"
19635,"D061402045","01","CA","M","SI","SI","X","BR","5"
19636,"D061402045","02","CA","X","SI","SI","X","BR","8"
19637,"D061402046","01","MO","M","37","SI","X","BR","5"
19638,"D061402047","01","AU","M","21","SI","X","BR","5"
19639,"D061402048","01","AU","M","37","SI","X","BR","3"
19640,"D061402049","01","CA","M","42","SI","X","BR","3"
19641,"D061402050","01","CA","M","55","SI","X","BR","3"
19642,"D061402051","01","AU","M","31","SI","X","BR","7"
19643,"D061402052","01","AU","M","32","SI","X","BR","5"
19644,"D061402053","01","AU","M","53","SI","X","BR","3"
19645,"D061402054","01","AU","M","34","SI","X","BR","7"
19646,"D061402055","01","BI","M","11","NE","X","BR","2"
19647,"D061402056","01","MO","M","29","SI","X","BR","5"
19648,"D061402057","01","MO","M","43","SI","X","BR","5"
19649,"D061402058","01","BI","M","35","NE","X","BR","3"
19650,"D061402059","01","MO","M","16","IN","X","BR","5"
19651,"D061402060","01","ON","X","SI","SI","X","BR","8"
19652,"D061402061","01","ON","M","52","SI","X","BR","8"
19653,"D061402062","01","MO","M","46","SI","X","BR","7"
19657,"D061402065","01","MO","M","16","IN","X","BR","2"
20210,"D071400342","01","AU","M","42","SI","X","BR","7"
20699,"D071400646","01","CA","M","50","SI","X","BR","5"
22401,"D071401717","01","MO","M","27","HA","X","BR","5"
22402,"D071401717","02","AU","F","29","SI","X","BR","5"
22403,"D071401718","01","MO","M","23","IN","X","BR","8"
22404,"D071401718","02","ON","M","27","HA","X","BR","8"
22405,"D071401719","01","BI","M","32","NE","X","AA","3"
22406,"D071401719","02","AU","M","44","SI","X","BR","8"
22407,"D071401720","01","MO","M","23","SI","X","BR","5"
22408,"D071401720","02","SI","X","SI","SI","X","BR","8"
22409,"D071401720","03","SI","X","SI","SI","X","BR","8"
22410,"D071401720","04","CA","M","50","SI","X","BR","3"
22411,"D071401721","01","MO","M","45","SI","X","BR","8"
22412,"D071401721","02","CA","X","SI","SI","X","BR","8"
22413,"D071401722","01","MO","M","20","SI","X","BR","8"
22414,"D071401722","02","AU","M","SI","SI","X","BR","8"
22415,"D071401723","01","AU","M","38","SI","X","BR","5"
22416,"D071401724","01","SI","X","SI","SI","X","BR","8"
22417,"D071401725","01","MO","M","24","SI","X","BR","3"
22418,"D071401725","02","ON","M","41","HA","X","BR","3"
22419,"D071401726","01","MO","M","28","SI","X","BR","7"
22420,"D071401726","02","AU","F","43","SI","X","BR","7"
22421,"D071401727","01","MO","F","33","SI","X","BR","3"
22422,"D071401728","01","MO","M","22","SI","X","BR","5"
22423,"D071401729","01","CA","M","53","SI","X","BR","3"
22424,"D071401730","01","MO","M","22","HA","X","BR","5"
22425,"D071401731","01","MO","M","48","SI","X","BR","7"
22426,"D071401731","02","ON","M","31","SI","X","BR","3"
22427,"D071401732","01","AU","M","29","SI","X","BR","8"
22428,"D071401733","01","MO","M","17","IN","X","BR","2"
22429,"D071401734","01","MO","M","27","SI","X","BR","5"
22430,"D071401735","01","AU","M","65","SI","X","BR","3"
22431,"D071401736","01","AU","M","19","SI","X","BR","3"
22432,"D071401737","01","MO","M","37","HA","X","BR","5"
22433,"D071401738","01","AU","M","25","SI","X","BR","7"
22434,"D071401739","01","BI","M","55","NE","X","BR","3"
22435,"D071401739","02","SI","X","SI","SI","X","BR","8"
22436,"D071401740","01","MO","M","25","SI","X","BR","5"
22437,"D071401740","02","AU","X","SI","SI","X","BR","8"
22438,"D071401741","01","MO","M","24","SI","X","BR","5"
22439,"D071401742","01","CA","M","54","SI","X","BR","3"
22440,"D071401743","01","MO","M","24","SI","X","BR","5"
22441,"D071401744","01","MO","M","30","SI","X","BR","3"
22442,"D071401745","01","AU","M","27","HA","X","BR","2"
22443,"D071401746","01","SI","X","SI","SI","X","BR","8"
22444,"D071401747","01","MO","M","21","SI","X","BR","5"
22445,"D071401748","01","MO","M","23","SI","X","BR","7"
22446,"D071401749","01","SI","X","SI","SI","X","BR","8"
22447,"D071401750","01","MO","M","36","SI","X","BR","5"
22448,"D071401750","02","AU","M","51","SI","X","BR","8"
22449,"D071401751","01","AU","M","20","SI","X","BR","5"
22450,"D071401752","01","MO","M","SI","SI","X","BR","8"
22451,"D071401753","01","MO","M","21","SI","X","BR","5"
22452,"D071401754","01","MO","M","66","SI","X","BR","3"
22453,"D071401754","02","AU","X","SI","SI","X","BR","8"
22454,"D071401755","01","AU","M","69","HA","X","AA","3"
22455,"D071401755","02","AU","X","SI","SI","X","BR","8"
22456,"D071401756","01","MO","M","24","IN","X","BR","5"
22457,"D071401756","02","AU","M","36","HA","X","BR","5"
22458,"D071401757","01","AU","M","32","SI","X","BR","7"
22459,"D071401758","01","ON","M","41","SI","X","BR","8"
22460,"D071401759","01","AU","F","38","SI","X","BR","5"
22461,"D071401760","01","MO","M","19","HA","X","BR","5"
22462,"D071401761","01","MO","M","54","SI","X","BR","7"
22463,"D071401761","02","AU","M","29","SI","X","BR","7"
22464,"D071401762","01","ON","M","63","SI","X","BR","3"
22465,"D071401763","01","CA","M","67","SI","X","BR","2"
22466,"D071401764","01","MO","M","35","SI","X","BR","3"
22467,"D071401764","02","SI","X","SI","SI","X","BR","8"
22468,"D071401765","01","MO","M","34","SI","X","BR","5"
22469,"D071401765","02","AU","F","66","SI","X","BR","5"
22470,"D071401766","01","AU","M","30","SI","X","BR","8"
22471,"D071401767","01","SI","X","SI","SI","X","BR","8"
22472,"D071401768","01","SI","X","SI","SI","X","BR","8"
22473,"D071401769","01","AU","X","SI","SI","X","BR","8"
22474,"D071401769","02","AU","X","SI","SI","X","BR","8"
22475,"D071401769","03","AU","X","SI","SI","X","BR","8"
22476,"D071401770","01","AU","M","67","SI","X","BR","5"
22477,"D071401770","02","AU","M","43","SI","X","BR","5"
22478,"D071401770","03","AU","M","33","SI","X","BR","5"
22479,"D071401771","01","ON","M","54","SI","X","AA","5"
22480,"D071401772","01","MO","M","19","SI","X","BR","8"
22481,"D071401772","02","AU","M","45","SI","X","BR","8"
22482,"D071401773","01","MO","M","36","SI","X","BR","5"
22483,"D071401774","01","AU","M","26","SI","X","BR","8"
22484,"D071401775","01","AU","M","40","SI","X","BR","8"
22485,"D071401775","02","AU","M","31","SI","X","BR","8"
22486,"D071401776","01","MO","M","47","SI","X","BR","8"
22487,"D071401777","01","CA","M","46","SI","X","BR","3"
22488,"D071401778","01","AU","M","18","IN","X","BR","3"
22489,"D071401779","01","MO","M","46","SI","X","BR","3"
22490,"D071401780","01","ON","M","45","SI","X","BR","5"
22491,"D071401781","01","SI","X","SI","SI","X","BR","8"
22492,"D071401782","01","AU","M","36","SI","X","BR","3"
22493,"D071401782","02","ON","M","42","SI","X","BR","8"
22494,"D071401783","01","AU","M","21","SI","X","BR","3"
22495,"D071401784","01","AU","M","SI","SI","X","BR","8"
22496,"D071401785","01","AU","M","29","SI","X","BR","3"
22497,"D071401786","01","SI","X","SI","SI","X","BR","8"
22498,"D071401787","01","MO","M","40","SI","X","BR","3"
22499,"D071401787","02","ON","M","70","SI","X","BR","3"
22500,"D071401787","03","AU","X","SI","SI","X","BR","8"
22501,"D071401788","01","ON","M","53","SI","X","BR","2"
22502,"D071401789","01","MO","M","23","SI","X","BR","3"
22503,"D071401789","02","MO","M","23","SI","X","BR","5"
22504,"D071401790","01","MO","F","16","IN","X","BR","2"
22505,"D071401791","01","MO","M","14","IN","X","BR","3"
22506,"D071401791","02","ON","M","48","SI","X","BR","5"
22507,"D071401792","01","MO","M","26","SI","X","BR","5"
22508,"D071401793","01","MO","M","24","SI","X","BR","3"
22509,"D071401793","02","AU","M","48","SI","X","BR","3"
22510,"D071401794","01","AU","M","20","SI","X","BR","5"
22511,"D071401795","01","AU","F","26","IN","X","BR","3"
22512,"D071401795","02","AU","X","SI","SI","X","BR","8"
22513,"D071401796","01","MO","M","37","SI","X","BR","2"
22514,"D071401796","02","AU","F","35","SI","X","BR","7"
22515,"D071401797","01","AU","X","SI","SI","X","BR","8"
22516,"D071401798","01","MO","M","30","SI","X","BR","6"
22517,"D071401798","02","AU","X","SI","SI","X","BR","8"
22518,"D071401798","03","AU","M","58","SI","X","BR","8"
22519,"D071401798","04","AU","M","40","SI","X","BR","8"
22520,"D071401799","01","MO","M","24","SI","X","BR","8"
22521,"D071401800","01","AU","M","28","SI","X","BR","2"
22522,"D071401801","01","ON","M","23","SI","X","BR","5"
22523,"D071401802","01","MO","M","39","SI","X","BR","1"
22524,"D071401803","01","MO","M","27","SI","X","BR","5"
22525,"D071401803","02","AU","M","26","SI","X","BR","2"
22526,"D071401804","01","AU","M","29","SI","X","BR","3"
22527,"D071401805","01","ON","M","44","SI","X","BR","3"
22528,"D071401806","01","MO","X","SI","SI","X","BR","8"
22529,"D071401807","01","AU","M","24","SI","X","BR","2"
22530,"D071401808","01","ON","M","50","SI","X","BR","3"
22531,"D071401809","01","MO","M","29","SI","X","BR","5"
22532,"D071401809","02","MO","M","32","SI","X","BR","5"
22533,"D071401809","03","CA","M","52","SI","X","BR","3"
22534,"D071401810","01","ON","X","SI","SI","X","BR","8"
22535,"D071401811","01","AU","M","37","SI","X","BR","7"
22536,"D071401812","01","SI","X","SI","SI","X","BR","8"
22537,"D071401813","01","SI","X","SI","SI","X","BR","8"
25892,"D081402051","01","MO","M","18","SI","X","BR","3"
25893,"D081402051","02","ON","M","36","SI","X","BR","3"
25894,"D081402052","01","AU","M","37","HA","X","BR","2"
25895,"D081402053","01","BI","M","14","NE","X","BR","3"
25896,"D081402053","02","ON","M","29","SI","X","BR","3"
25897,"D081402054","01","ON","M","48","SI","X","BR","2"
25898,"D081402055","01","ON","M","41","SI","X","BR","3"
25899,"D081402056","01","MO","M","28","SI","X","BR","8"
25900,"D081402057","01","MO","M","25","SI","X","BR","5"
25901,"D081402058","01","BI","M","30","NE","X","BR","3"
25902,"D081402058","02","AU","M","33","SI","X","BR","5"
25903,"D081402059","01","AU","M","23","SI","X","BR","5"
25904,"D081402059","02","AU","M","39","SI","X","BR","5"
25905,"D081402060","01","AU","M","29","SI","X","BR","8"
25906,"D081402061","01","AU","M","36","HA","X","BR","8"
25907,"D081402062","01","MO","M","33","SI","X","BR","5"
25908,"D081402063","01","ON","M","41","SI","X","BR","3"
25909,"D081402064","01","MO","M","19","SI","X","BR","3"
25910,"D081402065","01","MO","M","33","SI","X","BR","5"
25911,"D081402066","01","ON","M","31","SI","X","BR","3"
25912,"D081402067","01","AU","M","32","SI","X","BR","3"
25913,"D081402068","01","MO","M","SI","SI","X","BR","8"
25914,"D081402069","01","AU","X","SI","SI","X","BR","8"
25915,"D081402070","01","CA","M","24","SI","X","BR","5"
25916,"D081402071","01","AU","M","32","SI","X","BR","7"
25917,"D081402071","02","AU","M","44","SI","X","BR","5"
25918,"D081402072","01","AU","M","21","SI","X","BR","6"
25919,"D081402072","02","AU","X","SI","SI","X","BR","8"
25920,"D081402073","01","MO","M","21","SI","X","AA","2"
25921,"D081402073","02","AU","M","28","SI","X","BR","5"
25922,"D081402074","01","MO","M","33","SI","X","BR","5"
25923,"D081402075","01","MO","M","55","SI","X","BR","2"
25924,"D081402075","02","AU","M","26","SI","X","BR","3"
25925,"D081402075","03","AU","M","39","SI","X","BR","5"
25926,"D081402076","01","AU","M","24","SI","X","BR","5"
25927,"D081402076","02","AU","X","SI","SI","X","BR","8"
25928,"D081402077","01","MO","M","SI","SI","X","BR","8"
25929,"D081402078","01","CA","M","47","SI","X","BR","3"
25930,"D081402079","01","MO","F","27","SI","X","BR","5"
25931,"D081402079","02","AU","M","61","SI","X","BR","5"
25932,"D081402080","01","AU","M","23","SI","X","BR","3"
25933,"D081402080","02","ON","M","57","SI","X","BR","5"
25934,"D081402080","03","ON","M","42","SI","X","BR","3"
25935,"D081402081","01","AU","M","21","SI","X","BR","5"
25936,"D081402082","01","MO","X","SI","SI","X","BR","8"
25937,"D081402083","01","MO","M","23","SI","X","BR","3"
25938,"D081402084","01","AU","M","25","SI","X","BR","5"
25939,"D081402085","01","SI","X","SI","SI","X","BR","8"
25940,"D081402087","01","MO","M","19","SI","X","BR","5"
25941,"D081402087","02","AU","M","54","SI","X","BR","5"
25942,"D081402088","01","MO","M","41","SI","X","BR","5"
25943,"D081402088","02","ON","M","46","SI","X","BR","8"
25944,"D081402089","01","AU","M","53","SI","X","BR","5"
25945,"D081402089","02","CA","M","39","SI","X","BR","3"
25946,"D081402090","01","ON","M","62","SI","X","BR","3"
25947,"D081402091","01","MO","M","21","SI","X","BR","3"
25948,"D081402092","01","AU","M","43","SI","X","AA","3"
25949,"D081402093","01","MO","M","40","SI","X","BR","7"
25950,"D081402093","02","AU","F","49","SI","X","BR","7"
25951,"D081402094","01","AU","M","25","SI","X","BR","3"
25952,"D081402095","01","MO","M","18","IN","X","BR","3"
25953,"D081402095","02","AU","M","22","SI","X","BR","5"
25954,"D081402096","01","SI","X","SI","SI","X","BR","8"
25955,"D081402097","01","ON","X","SI","SI","X","BR","8"
25956,"D081402098","01","AU","M","35","SI","X","BR","8"
25957,"D081402098","02","AU","M","47","SI","X","BR","3"
25958,"D081402099","01","AU","M","64","SI","X","BR","3"
25959,"D081402099","02","AU","M","30","SI","X","BR","6"
25960,"D081402100","01","MO","F","27","SI","X","BR","5"
25961,"D081402100","02","CA","M","33","SI","X","BR","3"
25962,"D081402100","03","CA","M","33","SI","X","BR","3"
25963,"D081402101","01","MO","M","17","IN","X","BR","3"
25964,"D081402102","01","AU","M","SI","SI","X","BR","8"
25965,"D081402103","01","AU","M","58","SI","X","AA","5"
25966,"D081402104","01","BI","M","46","NE","X","BR","3"
25967,"D081402104","02","AU","X","SI","SI","X","BR","8"
25968,"D081402105","01","MO","M","18","SI","X","BR","8"
25969,"D081402105","02","ON","M","46","SI","X","BR","8"
25970,"D081402105","03","CA","M","41","SI","X","BR","8"
25971,"D081402106","01","MO","M","33","HA","X","BR","5"
25972,"D081402107","01","AU","X","SI","SI","X","BR","8"
25973,"D081402108","01","MO","M","41","SI","X","BR","7"
25974,"D081402109","01","MO","M","36","SI","X","BR","3"
25975,"D081402109","02","AU","F","36","SI","X","BR","7"
25976,"D081402110","01","MO","M","25","SI","X","BR","7"
25977,"D081402110","02","AU","M","23","SI","X","BR","8"
25978,"D081402111","01","ON","F","34","SI","X","BR","5"
25979,"D081402112","01","MO","X","SI","SI","X","BR","8"
25980,"D081402113","01","MO","M","29","SI","X","BR","5"
25981,"D081402114","01","MO","M","27","SI","X","BR","8"
25982,"D081402114","02","SI","X","SI","SI","X","BR","8"
25983,"D081402115","01","MO","M","30","SI","X","BR","5"
25984,"D081402115","02","AU","X","SI","SI","X","BR","8"
25985,"D081402116","01","ON","M","59","SI","X","BR","3"
25986,"D081402119","01","BI","M","53","NE","X","BR","2"
25987,"D081402120","01","AU","M","49","SI","X","BR","3"
25988,"D081402120","02","CA","M","40","SI","X","BR","2"
25989,"D081402121","01","MO","M","22","SI","X","BR","3"
25990,"D081402122","01","SI","X","SI","SI","X","BR","8"
25991,"D081402123","01","CA","M","35","SI","X","BR","3"
25992,"D081402124","01","ON","M","32","SI","X","BR","5"
25993,"D081402125","01","MO","M","25","SI","X","BR","7"
25994,"D081402125","02","AU","M","32","SI","X","BR","7"
25995,"D081402126","01","AU","M","32","SI","X","BR","6"
25996,"D081402126","02","ON","M","30","HA","X","BR","5"
25997,"D081402127","01","MO","M","20","SI","X","BR","3"
25998,"D081402128","01","MO","M","18","SI","X","BR","4"
25999,"D081402129","01","AU","M","56","SI","X","BR","5"
26000,"D081402130","01","MO","M","25","SI","X","BR","5"
26001,"D081402131","01","ON","M","53","SI","X","BR","5"
26002,"D081402132","01","AU","M","37","SI","X","BR","5"
26003,"D081402133","01","AU","X","SI","SI","X","BR","8"
26004,"D081402134","01","AU","M","28","SI","X","BR","5"
26005,"D081402135","01","SI","X","SI","SI","X","BR","8"
26006,"D081402136","01","MO","M","26","SI","X","BR","5"
26007,"D081402137","01","BI","M","14","NE","X","BR","3"
26008,"D081402137","02","ON","M","34","SI","X","BR","5"
26009,"D081402138","01","MO","M","31","SI","X","BR","3"
26010,"D081402138","02","ON","M","38","SI","X","BR","3"
26011,"D081402139","01","MO","M","20","IN","X","BR","6"
26012,"D081402139","02","AU","M","58","SI","X","BR","3"
26013,"D081402139","03","ON","M","45","SI","X","BR","3"
26014,"D081402140","01","MO","M","42","SI","X","BR","5"
26015,"D081402140","02","AU","M","21","SI","X","BR","3"
26016,"D081402141","01","AU","M","51","SI","X","BR","5"
26017,"D081402142","01","AU","M","SI","SI","X","BR","8"
26018,"D081402143","01","MO","M","32","HA","X","BR","8"
26019,"D081402144","01","MO","M","24","SI","X","BR","5"
26020,"D081402144","02","MO","X","SI","SI","X","BR","8"
26021,"D081402145","01","AU","M","82","SI","X","BR","2"
26022,"D081402145","02","CA","X","SI","SI","X","BR","8"
26023,"D081402146","01","BI","M","18","NE","X","BR","5"
26024,"D081402146","02","AU","M","53","HA","X","BR","3"
26025,"D081402147","01","SI","X","SI","SI","X","BR","8"
26026,"D081402148","01","MO","M","53","SI","X","BR","3"
26027,"D081402149","01","AU","M","54","SI","X","BR","2"
26028,"D081402149","02","CA","X","SI","SI","X","BR","8"
26029,"D081402150","01","MO","M","22","IN","X","BR","3"
26030,"D081402150","02","AU","M","53","SI","X","BR","8"
26031,"D081402151","01","SI","X","SI","SI","X","BR","8"
26036,"D081402153","01","AU","M","21","SI","X","BR","5"
26037,"D081402154","01","SI","X","SI","SI","X","BR","8"
26038,"D081402155","01","SI","X","SI","SI","X","BR","8"
29443,"D091402074","01","ON","X","SI","SI","X","BR","8"
29444,"D091402075","01","ON","F","31","SI","X","BR","3"
29445,"D091402076","01","ON","M","32","SI","X","BR","3"
29446,"D091402077","01","AU","M","36","SI","X","BR","3"
29447,"D091402078","01","AU","M","21","SI","X","BR","5"
29448,"D091402079","01","AU","M","48","SI","X","BR","5"
29449,"D091402080","01","MO","M","31","SI","X","BR","5"
29450,"D091402080","02","AU","M","25","SI","X","BR","7"
29451,"D091402081","01","MO","M","23","SI","X","BR","2"
29452,"D091402081","02","ON","M","30","SI","X","BR","5"
29453,"D091402081","03","CA","M","46","SI","X","BR","3"
29454,"D091402082","01","AU","M","25","SI","X","BR","5"
29455,"D091402083","01","ON","M","57","SI","X","BR","3"
29456,"D091402084","01","MO","M","29","SI","X","BR","3"
29457,"D091402084","02","CA","M","36","SI","X","BR","5"
29458,"D091402085","01","MO","F","52","SI","X","BR","5"
29459,"D091402086","01","MO","M","16","IN","X","BR","2"
29460,"D091402087","01","SI","X","SI","SI","X","BR","8"
29461,"D091402088","01","MO","M","31","SI","X","BR","5"
29462,"D091402088","02","AU","M","60","SI","X","BR","3"
29463,"D091402089","01","BI","M","19","NE","X","BR","2"
29464,"D091402089","02","AU","M","48","SI","X","BR","3"
29465,"D091402090","01","MO","M","30","SI","X","BR","5"
29466,"D091402090","02","AU","F","42","SI","X","BR","7"
29467,"D091402090","03","ON","M","53","SI","X","BR","3"
29468,"D091402091","01","ON","X","SI","SI","X","BR","8"
29469,"D091402092","01","AU","M","18","SI","X","BR","5"
29470,"D091402093","01","MO","M","30","SI","X","BR","5"
29471,"D091402094","01","MO","M","45","SI","X","BR","7"
29472,"D091402095","01","MO","M","18","SI","X","BR","3"
29473,"D091402095","02","MO","X","SI","SI","X","BR","8"
29474,"D091402096","01","AU","M","20","SI","X","BR","5"
29475,"D091402097","01","MO","M","28","SI","X","BR","5"
29476,"D091402097","02","ON","M","44","SI","X","BR","3"
29477,"D091402098","01","MO","M","44","SI","X","BR","3"
29478,"D091402099","01","AU","M","18","SI","X","BR","3"
29479,"D091402100","01","AU","M","52","SI","X","BR","3"
29480,"D091402101","01","AU","M","53","SI","X","BR","7"
29481,"D091402102","01","MO","M","29","SI","X","BR","5"
29482,"D091402103","01","ON","M","26","SI","X","BR","5"
29483,"D091402104","01","MO","X","SI","SI","X","BR","8"
29484,"D091402105","01","MO","X","SI","SI","X","BR","8"
29485,"D091402106","01","AU","M","27","SI","X","BR","5"
29486,"D091402107","01","MO","M","19","SI","X","BR","3"
29487,"D091402107","02","AU","X","SI","SI","X","BR","8"
29488,"D091402107","03","AU","M","29","SI","X","BR","5"
29489,"D091402108","01","MO","M","18","SI","X","BR","3"
29490,"D091402109","01","ON","M","28","SI","X","BR","5"
29491,"D091402110","01","MO","M","35","SI","X","BR","5"
29492,"D091402111","01","MO","M","26","SI","X","BR","5"
29493,"D091402111","02","AU","M","53","SI","X","BR","8"
29494,"D091402112","01","MO","F","33","SI","X","BR","5"
29495,"D091402112","02","CA","X","SI","SI","X","BR","8"
29496,"D091402113","01","SI","X","SI","SI","X","BR","8"
29497,"D091402114","01","ON","M","45","SI","X","BR","3"
29498,"D091402115","01","BI","M","39","NE","X","BR","3"
29499,"D091402115","02","AU","M","38","SI","X","BR","5"
29500,"D091402116","01","ON","M","49","SI","X","BR","8"
29501,"D091402117","01","ON","M","35","SI","X","BR","5"
29502,"D091402118","01","ON","M","36","SI","X","BR","4"
29503,"D091402119","01","AU","M","63","SI","X","BR","3"
29504,"D091402120","01","ON","M","60","SI","X","BR","3"
29505,"D091402121","01","MO","M","45","SI","X","BR","3"
29506,"D091402121","02","AU","M","42","SI","X","BR","8"
29507,"D091402121","03","AU","M","48","SI","X","BR","8"
29508,"D091402122","01","MO","M","26","SI","X","BR","3"
29509,"D091402122","02","ON","M","56","SI","X","BR","3"
29510,"D091402123","01","MO","M","54","SI","X","BR","8"
29511,"D091402124","01","ON","M","33","SI","X","BR","5"
29512,"D091402124","02","SI","X","SI","SI","X","BR","8"
29513,"D091402125","01","MO","M","45","SI","X","BR","5"
29514,"D091402125","02","AU","M","17","IN","X","BR","3"
29515,"D091402126","01","AU","F","29","SI","X","BR","7"
29516,"D091402127","01","MO","M","40","SI","X","BR","5"
29517,"D091402127","02","CA","M","60","SI","X","BR","4"
29518,"D091402128","01","ON","M","31","SI","X","BR","5"
29519,"D091402129","01","MO","M","29","SI","X","BR","3"
29520,"D091402129","02","AU","X","SI","SI","X","BR","8"
29521,"D091402131","01","MO","M","44","SI","X","BR","5"
29522,"D091402131","02","MO","M","41","SI","X","BR","5"
29523,"D091402131","03","AU","M","28","SI","X","BR","5"
29524,"D091402132","01","SI","X","SI","SI","X","BR","8"
29525,"D091402133","01","AU","M","36","SI","X","BR","3"
29526,"D091402134","01","MO","M","27","SI","X","BR","5"
29527,"D091402135","01","SI","X","SI","SI","X","BR","8"
29528,"D091402136","01","AU","M","17","IN","X","BR","5"
29529,"D091402137","01","AU","M","50","SI","X","BR","7"
29530,"D091402137","02","AU","M","22","SI","X","BR","6"
29531,"D091402138","01","MO","M","19","SI","X","BR","4"
29532,"D091402139","01","MO","M","28","SI","X","BR","3"
29533,"D091402139","02","AU","M","36","SI","X","BR","3"
29534,"D091402140","01","MO","M","22","SI","X","BR","6"
29535,"D091402140","02","AU","M","41","SI","X","BR","5"
29536,"D091402141","01","MO","M","26","SI","X","BR","6"
29537,"D091402142","01","AU","M","32","SI","X","BR","3"
29538,"D091402143","01","AU","M","35","SI","X","BR","3"
29539,"D091402144","01","ON","M","41","SI","X","BR","3"
29540,"D091402145","01","MO","M","18","SI","X","BR","3"
29541,"D091402146","01","SI","X","SI","SI","X","BR","8"
29542,"D091402147","01","AU","M","90","SI","X","BR","5"
29543,"D091402147","02","CA","M","51","SI","X","BR","4"
29544,"D091402148","01","MO","M","26","SI","X","BR","2"
29545,"D091402149","01","AU","F","35","SI","X","BR","3"
29546,"D091402150","01","MO","X","SI","SI","X","BR","8"
29547,"D091402151","01","SI","X","SI","SI","X","BR","8"
29548,"D091402152","01","AU","M","34","SI","X","BR","7"
29549,"D091402153","01","MO","M","27","SI","X","BR","5"
29550,"D091402153","02","AU","M","32","SI","X","BR","7"
29551,"D091402154","01","MO","X","SI","SI","X","BR","8"
30243,"D101400424","01","AU","M","57","HA","X","BR","7"
30244,"D101400424","02","MO","M","54","IN","X","BR","3"
30536,"D101400588","01","MO","M","24","SI","X","BR","5"
33109,"D101402156","01","AU","X","SI","SI","X","BR","8"
33110,"D101402157","01","MO","M","25","SI","X","BR","5"
33111,"D101402158","01","AU","M","33","SI","X","BR","5"
33112,"D101402159","01","MO","M","18","SI","X","BR","3"
33113,"D101402159","02","CA","M","42","SI","X","BR","5"
33114,"D101402159","03","CA","M","37","SI","X","BR","3"
33115,"D101402160","01","MO","M","54","SI","X","BR","5"
33116,"D101402160","02","AU","M","48","SI","X","BR","7"
33117,"D101402161","01","MO","M","27","SI","X","BR","5"
33118,"D101402161","02","AU","M","33","SI","X","BR","8"
33119,"D101402161","03","SI","X","SI","SI","X","BR","8"
33120,"D101402162","01","MO","M","29","SI","X","BR","5"
33121,"D101402162","02","MO","F","28","SI","X","BR","8"
33122,"D101402162","03","ON","M","58","SI","X","BR","3"
33123,"D101402163","01","MO","M","17","SI","X","BR","3"
33124,"D101402163","02","ON","F","41","SI","X","BR","5"
33125,"D101402164","01","MO","M","28","SI","X","BR","3"
33126,"D101402164","02","SI","X","SI","SI","X","BR","8"
33127,"D101402165","01","MO","M","18","SI","X","BR","3"
33128,"D101402166","01","MO","M","28","SI","X","BR","5"
33129,"D101402166","02","AU","X","SI","SI","X","BR","8"
33130,"D101402167","01","MO","M","28","SI","X","BR","7"
33131,"D101402168","01","BI","M","18","NE","X","BR","5"
33132,"D101402168","02","AU","M","39","SI","X","BR","7"
33133,"D101402169","01","ON","M","40","SI","X","BR","3"
33134,"D101402170","01","SI","X","SI","SI","X","BR","8"
33135,"D101402171","01","AU","M","39","SI","X","BR","8"
33136,"D101402171","02","CA","M","43","SI","X","BR","5"
33137,"D101402172","01","MO","M","22","SI","X","BR","5"
33138,"D101402172","02","AU","M","26","SI","X","BR","5"
33139,"D101402172","03","AU","M","47","SI","X","BR","3"
33140,"D101402173","01","AU","M","24","SI","X","BR","5"
33141,"D101402174","01","MO","M","20","SI","X","BR","3"
33142,"D101402174","02","ON","M","77","SI","X","BR","3"
33143,"D101402175","01","MO","M","34","SI","X","BR","5"
33144,"D101402175","02","AU","F","34","SI","X","BR","7"
33145,"D101402176","01","AU","M","34","SI","X","BR","3"
33146,"D101402177","01","MO","M","35","SI","X","BR","5"
33147,"D101402177","02","AU","M","36","SI","X","BR","3"
33148,"D101402178","01","MO","M","15","SI","X","BR","2"
33149,"D101402179","01","MO","M","18","SI","X","BR","3"
33150,"D101402179","02","AU","M","64","SI","X","BR","8"
33151,"D101402180","01","AU","M","30","SI","X","BR","2"
33152,"D101402181","01","AU","M","25","SI","X","BR","5"
33153,"D101402182","01","AU","M","25","SI","X","BR","3"
33154,"D101402183","01","MO","M","37","SI","X","BR","2"
33155,"D101402183","02","AU","X","SI","SI","X","BR","8"
33156,"D101402184","01","MO","M","25","SI","X","BR","7"
33157,"D101402186","01","ON","M","34","SI","X","BR","5"
33158,"D101402188","01","MO","M","22","SI","X","BR","5"
33159,"D101402189","01","SI","X","SI","SI","X","BR","8"
33160,"D101402190","01","MO","M","25","SI","X","BR","3"
33161,"D101402191","01","ON","M","59","SI","X","BR","3"
33162,"D101402192","01","BI","M","21","NE","X","BR","2"
33163,"D101402193","01","AU","M","54","SI","X","BR","3"
33164,"D101402194","01","SI","X","SI","SI","X","BR","8"
33165,"D101402195","01","AU","X","SI","SI","X","BR","8"
33166,"D101402196","01","CA","X","SI","SI","X","BR","8"
33167,"D101402197","01","ON","M","41","SI","X","BR","3"
33168,"D101402198","01","AU","F","SI","SI","X","BR","8"
33169,"D101402198","02","AU","M","18","SI","X","BR","3"
33170,"D101402199","01","ON","M","56","SI","X","BR","3"
33171,"D101402199","02","ON","M","56","SI","X","BR","3"
33172,"D101402200","01","AU","M","55","SI","X","BR","3"
33173,"D101402201","01","MO","M","17","SI","X","BR","3"
33174,"D101402202","01","MO","M","35","SI","X","BR","7"
33175,"D101402203","01","MO","M","32","SI","X","BR","5"
33176,"D101402203","02","SI","X","SI","SI","X","BR","8"
33177,"D101402204","01","AU","M","33","SI","X","BR","8"
33178,"D101402205","01","CA","M","17","SI","X","BR","3"
33179,"D101402205","02","CA","M","48","SI","X","BR","3"
33180,"D101402205","03","CA","X","SI","SI","X","BR","8"
33181,"D101402206","01","MO","M","20","SI","X","BR","3"
33182,"D101402207","01","MO","M","47","SI","X","BR","2"
33183,"D101402207","02","AU","M","64","SI","X","BR","7"
33184,"D101402208","01","BI","M","35","NE","X","BR","5"
33185,"D101402208","02","ON","M","51","SI","X","BR","3"
33186,"D101402209","01","MO","M","19","SI","X","BR","5"
33187,"D101402209","02","CA","M","35","SI","X","BR","3"
33188,"D101402210","01","MO","M","27","SI","X","BR","7"
33189,"D101402211","01","MO","M","SI","SI","X","BR","8"
33190,"D101402212","01","MO","M","26","SI","X","BR","3"
33191,"D101402212","02","AU","M","45","SI","X","BR","3"
33192,"D101402212","03","AU","M","40","SI","X","BR","7"
33193,"D101402213","01","MO","M","41","SI","X","BR","3"
33194,"D101402213","02","ON","M","52","SI","X","BR","8"
33195,"D101402214","01","MO","M","27","SI","X","BR","5"
33196,"D101402214","02","ON","X","SI","SI","X","BR","8"
33197,"D101402215","01","AU","F","53","SI","X","BR","7"
33198,"D101402216","01","MO","M","32","SI","X","BR","2"
33199,"D101402217","01","ON","M","52","SI","X","BR","5"
33200,"D101402218","01","AU","X","SI","SI","X","BR","8"
33201,"D101402219","01","AU","M","67","SI","X","BR","3"
33202,"D101402219","02","AU","M","47","SI","X","BR","5"
33203,"D101402219","03","CA","M","47","SI","X","BR","8"
33204,"D101402219","04","CA","X","SI","SI","X","BR","8"
33205,"D101402220","01","MO","M","47","SI","X","BR","3"
33206,"D101402221","01","AU","M","39","SI","X","BR","5"
33207,"D101402222","01","AU","F","37","SI","X","BR","5"
33208,"D101402223","01","AU","M","27","SI","X","BR","5"
33209,"D101402223","02","AU","M","39","SI","X","BR","5"
33210,"D101402224","01","ON","X","SI","SI","X","BR","8"
33211,"D101402225","01","AU","M","60","SI","X","BR","3"
33212,"D101402226","01","AU","X","SI","SI","X","BR","8"
33213,"D101402227","01","BI","M","12","NE","X","BR","2"
33214,"D101402227","02","MO","M","24","SI","X","BR","3"
33215,"D101402228","01","MO","M","43","SI","X","BR","5"
33216,"D101402228","02","CA","M","58","SI","X","BR","2"
33217,"D101402229","01","MO","M","20","SI","X","BR","5"
33218,"D101402229","02","AU","M","32","SI","X","BR","5"
33219,"D101402230","01","ON","M","51","SI","X","BR","3"
33220,"D101402231","01","AU","F","32","SI","X","BR","5"
33221,"D101402232","01","MO","M","41","SI","X","BR","5"
33222,"D101402233","01","MO","M","18","SI","X","BR","5"
33223,"D101402234","01","AU","M","29","SI","X","BR","2"
33224,"D101402235","01","MO","M","40","SI","X","BR","5"
33225,"D101402235","02","AU","M","38","SI","X","BR","5"
33226,"D101402236","01","MO","M","18","SI","X","BR","2"
33227,"D101402237","01","SI","X","SI","SI","X","BR","8"
33228,"D101402238","01","AU","M","25","SI","X","BR","3"
33229,"D101402239","01","MO","M","27","SI","X","BR","5"
33230,"D101402240","01","MO","M","27","SI","X","BR","5"
33231,"D101402240","02","AU","X","SI","SI","X","BR","8"
33232,"D101402241","01","MO","M","38","SI","X","BR","6"
33233,"D101402241","02","MO","M","27","SI","X","BR","4"
33234,"D101402241","03","CA","X","SI","SI","X","BR","8"
33235,"D101402242","01","MO","M","32","SI","X","BR","3"
33236,"D101402242","02","ON","M","35","SI","X","BR","3"
33237,"D101402243","01","AU","M","SI","SI","X","BR","8"
33238,"D101402244","01","AU","M","33","SI","X","BR","7"
33239,"D101402244","02","CO","F","44","SI","X","BR","3"
33240,"D101402245","01","AU","M","59","SI","X","BR","7"
33241,"D101402247","01","AU","M","42","SI","X","BR","8"
33242,"D101402248","01","AU","M","59","SI","X","BR","3"
33243,"D101402248","02","AU","M","28","SI","X","BR","3"
33244,"D101402249","01","AU","X","SI","SI","X","BR","8"
33245,"D101402250","01","AU","M","52","SI","X","BR","3"
33246,"D101402251","01","AU","M","49","SI","X","BR","7"
33247,"D101402251","02","MO","M","21","SI","X","BR","5"
33248,"D101402252","01","AU","M","35","SI","X","BR","3"
33249,"D101402253","01","AU","X","SI","SI","X","BR","8"
33256,"D101402260","01","AU","F","40","SI","X","BR","5"
33257,"D101402260","02","AU","M","26","SI","X","BR","5"
33258,"D101402261","01","MO","X","SI","SI","X","BR","8"
33260,"D101402263","01","SI","X","SI","SI","X","BR","8"
36298,"D111401867","01","AU","M","38","SI","X","BR","5"
36299,"D111401868","01","ON","M","58","SI","X","BR","3"
36300,"D111401868","02","MO","M","38","SI","X","BR","2"
36301,"D111401869","01","MO","M","35","SI","X","BR","5"
36302,"D111401870","01","AU","F","38","SI","X","BR","5"
36303,"D111401870","02","AU","M","30","SI","X","BR","5"
36304,"D111401871","01","ON","M","46","SI","X","BR","5"
36305,"D111401871","02","MO","M","16","IN","X","BR","8"
36306,"D111401872","01","MO","M","24","SI","X","BR","5"
36307,"D111401873","01","MO","M","23","SI","X","BR","2"
36308,"D111401874","01","AU","X","SI","SI","X","BR","8"
36309,"D111401874","02","MO","M","21","SI","X","BR","2"
36310,"D111401875","01","ON","X","SI","SI","X","BR","8"
36311,"D111401876","01","MO","M","16","IN","X","BR","2"
36312,"D111401877","01","SI","X","SI","SI","X","BR","8"
36313,"D111401878","01","AU","M","20","SI","X","BR","5"
36314,"D111401879","01","AU","M","31","SI","X","BR","3"
36315,"D111401879","02","AU","M","41","SI","X","BR","3"
36316,"D111401879","03","MO","M","36","SI","X","BR","5"
36317,"D111401880","01","ON","M","54","SI","X","BR","3"
36318,"D111401881","01","CA","X","SI","SI","X","BR","8"
36319,"D111401881","02","MO","M","19","SI","X","BR","2"
36320,"D111401882","01","MO","M","36","SI","X","BR","5"
36321,"D111401883","01","MO","X","SI","SI","X","BR","8"
36322,"D111401884","01","AU","M","33","SI","X","BR","5"
36323,"D111401885","01","AU","M","SI","SI","X","BR","8"
36324,"D111401886","01","MO","X","SI","SI","X","BR","8"
36325,"D111401886","02","MO","M","19","SI","X","BR","5"
36326,"D111401887","01","CA","M","38","SI","X","BR","5"
36327,"D111401887","02","AU","M","37","SI","X","BR","3"
36328,"D111401888","01","AU","M","30","SI","X","BR","5"
36329,"D111401888","02","MO","M","24","SI","X","BR","5"
36330,"D111401889","01","MO","X","17","IN","X","BR","2"
36331,"D111401890","01","ON","X","SI","SI","X","BR","8"
36332,"D111401891","01","AU","M","30","SI","X","BR","5"
36333,"D111401892","01","AU","M","17","IN","X","BR","3"
36334,"D111401893","01","AU","M","27","SI","X","BR","3"
36335,"D111401894","01","AU","X","SI","SI","X","BR","8"
36336,"D111401895","01","MO","F","21","SI","X","BR","3"
36337,"D111401895","02","AU","X","SI","SI","X","BR","8"
36338,"D111401895","03","ON","M","52","SI","X","BR","8"
36339,"D111401896","01","AU","M","20","SI","X","BR","5"
36340,"D111401897","01","ON","M","30","SI","X","BR","5"
36341,"D111401898","01","MO","M","27","SI","X","BR","3"
36342,"D111401898","02","ON","X","SI","SI","X","BR","8"
36343,"D111401899","01","MO","M","27","SI","X","BR","5"
36344,"D111401899","02","ON","M","27","SI","X","BR","3"
36345,"D111401900","01","MO","M","36","SI","X","BR","7"
36346,"D111401900","02","CA","X","SI","SI","X","BR","8"
36347,"D111401901","01","MO","M","55","SI","X","BR","7"
36348,"D111401901","02","CA","X","SI","SI","X","BR","8"
36349,"D111401902","01","MO","M","19","SI","X","BR","5"
36350,"D111401903","01","AU","X","SI","SI","X","BR","8"
36351,"D111401904","01","AU","M","31","SI","X","BR","7"
36352,"D111401905","01","AU","M","20","SI","X","BR","6"
36353,"D111401906","01","AU","M","20","SI","X","BR","6"
36354,"D111401907","01","MO","M","22","SI","X","BR","5"
36355,"D111401907","02","ON","M","39","SI","X","BR","5"
36356,"D111401908","01","MO","M","37","SI","X","BR","3"
36357,"D111401908","02","AU","M","20","SI","X","BR","5"
36358,"D111401909","01","MO","M","32","SI","X","BR","7"
36359,"D111401909","02","CA","M","29","SI","X","BR","8"
36360,"D111401910","01","AU","F","44","SI","X","BR","7"
36361,"D111401911","01","SI","M","24","SI","X","BR","6"
36362,"D111401912","01","AU","X","SI","SI","X","BR","8"
36363,"D111401913","01","AU","M","36","SI","X","BR","5"
36364,"D111401914","01","AU","M","28","SI","X","BR","5"
36365,"D111401915","01","AU","M","16","IN","X","BR","3"
36366,"D111401916","01","AU","X","SI","SI","X","BR","8"
36367,"D111401917","01","AU","M","SI","SI","X","BR","8"
36368,"D111401918","01","SI","X","SI","SI","X","BR","8"
36369,"D111401919","01","MO","M","27","SI","X","BR","3"
36370,"D111401920","01","AU","M","27","SI","X","BR","8"
36371,"D111401920","02","ON","F","37","SI","X","BR","3"
36372,"D111401921","01","MO","M","15","IN","X","BR","3"
36373,"D111401921","02","ON","M","44","SI","X","BR","3"
36374,"D111401922","01","MO","M","22","SI","X","BR","3"
36375,"D111401923","01","AU","M","29","SI","X","BR","5"
36376,"D111401924","01","CA","M","69","SI","X","BR","2"
36377,"D111401925","01","MO","M","18","SI","X","BR","3"
36378,"D111401925","02","AU","M","45","SI","X","BR","7"
36379,"D111401926","01","MO","M","17","IN","X","BR","5"
36380,"D111401926","02","SI","X","SI","SI","X","BR","8"
36381,"D111401927","01","MO","M","19","SI","X","BR","5"
36382,"D111401928","01","MO","M","26","SI","X","BR","5"
36383,"D111401928","02","SI","X","SI","SI","X","BR","8"
36384,"D111401928","03","ON","M","55","SI","X","BR","8"
36385,"D111401929","01","MO","M","29","SI","X","BR","5"
36386,"D111401929","02","AU","M","25","SI","X","BR","5"
36387,"D111401930","01","MO","M","19","SI","X","BR","5"
36388,"D111401931","01","MO","M","25","SI","X","BR","3"
36389,"D111401932","01","MO","M","42","SI","X","BR","3"
36390,"D111401932","02","CA","M","58","SI","X","BR","3"
36391,"D111401933","01","SI","X","SI","SI","X","BR","8"
36392,"D111401934","01","BI","M","55","NE","X","BR","3"
36393,"D111401934","02","AU","X","SI","SI","X","BR","8"
36394,"D111401935","01","MO","M","22","SI","X","BR","3"
36395,"D111401936","01","AU","X","SI","SI","X","BR","8"
36396,"D111401937","01","AU","M","29","SI","X","BR","7"
36397,"D111401938","01","SI","X","SI","SI","X","BR","8"
36398,"D111401939","01","CA","X","SI","SI","X","BR","8"
36399,"D111401940","01","AU","M","20","SI","X","BR","5"
36400,"D111401941","01","SI","X","SI","SI","X","BR","8"
36401,"D111401942","01","AU","M","32","SI","X","BR","5"
36402,"D111401943","01","MO","M","42","SI","X","BR","2"
36403,"D111401943","02","AU","X","SI","SI","X","BR","8"
39248,"D121401736","01","AU","M","34","SI","X","BR","5"
39387,"D121401832","01","BI","M","11","NE","X","BR","3"
39388,"D121401832","02","ON","M","60","SI","X","BR","3"
39389,"D121401833","01","MO","M","24","SI","X","BR","7"
39390,"D121401833","02","CA","M","28","SI","X","BR","5"
39391,"D121401834","01","AU","M","26","SI","X","BR","5"
39392,"D121401834","02","ON","M","66","SI","X","BR","2"
39393,"D121401835","01","AU","M","56","SI","X","BR","5"
39394,"D121401836","01","BI","M","12","NE","X","BR","3"
39395,"D121401836","02","CA","M","39","SI","X","BR","3"
39396,"D121401837","01","MO","M","31","SI","X","BR","3"
39397,"D121401838","01","SI","X","SI","SI","X","BR","8"
39398,"D121401839","01","ON","M","37","SI","X","BR","5"
39399,"D121401840","01","CA","M","45","SI","X","BR","3"
39400,"D121401841","01","MO","M","36","SI","X","BR","2"
39401,"D121401841","02","CA","M","42","SI","X","BR","5"
39402,"D121401842","01","MO","M","30","SI","X","BR","5"
39403,"D121401842","02","CA","M","31","SI","X","BR","5"
39404,"D121401843","01","AU","M","84","SI","X","BR","8"
39405,"D121401844","01","CA","X","31","SI","X","BR","8"
39406,"D121401845","01","MO","M","57","SI","X","BR","3"
39407,"D121401845","02","AU","M","57","SI","X","BR","3"
39408,"D121401846","02","AU","M","43","SI","X","BR","8"
39409,"D121401847","01","AU","M","67","SI","X","BR","5"
39410,"D121401848","01","MO","M","21","SI","X","BR","5"
39411,"D121401848","02","AU","X","SI","SI","X","BR","8"
39412,"D121401849","01","MO","X","SI","SI","X","BR","8"
39413,"D121401850","01","AU","M","47","SI","X","BR","8"
39414,"D121401851","01","SI","X","SI","SI","X","BR","8"
39415,"D121401852","01","AU","M","35","SI","X","BR","3"
39416,"D121401852","02","AU","X","SI","SI","X","BR","8"
39417,"D121401853","01","MO","X","SI","SI","X","BR","8"
39418,"D121401854","01","MO","M","24","SI","X","BR","5"
39419,"D121401854","02","SI","X","SI","SI","X","BR","8"
39420,"D121401854","03","ON","M","44","SI","X","BR","4"
39421,"D121401854","04","ON","M","68","SI","X","BR","3"
39422,"D121401855","01","MO","M","21","SI","X","BR","5"
39423,"D121401856","01","SI","X","SI","SI","X","BR","8"
39424,"D121401856","02","MO","M","21","SI","X","BR","8"
39425,"D121401857","01","AU","M","41","SI","X","BR","5"
39426,"D121401857","02","AU","F","46","SI","X","BR","8"
39427,"D121401857","03","AU","X","SI","SI","X","BR","8"
39428,"D121401858","01","ON","M","28","SI","X","BR","5"
39429,"D121401859","01","SI","X","SI","SI","X","BR","8"
39430,"D121401860","01","MO","M","17","IN","X","BR","5"
39431,"D121401861","01","AU","X","SI","SI","X","BR","8"
39432,"D121401861","02","AU","X","SI","SI","X","BR","8"
39433,"D121401862","01","SI","X","SI","SI","X","BR","8"
39434,"D121401863","01","MO","M","18","SI","X","BR","3"
39435,"D121401863","02","AU","M","37","SI","X","BR","5"
39436,"D121401864","01","ON","M","47","SI","X","BR","3"
39437,"D121401865","01","CA","M","39","SI","X","BR","3"
39438,"D121401866","01","SI","X","SI","SI","X","BR","8"
39439,"D121401868","01","ON","M","52","SI","X","BR","3"
39440,"D121401869","01","CA","M","30","SI","X","BR","5"
39441,"D121401870","01","SI","X","SI","SI","X","BR","8"
39442,"D121401870","02","AU","X","SI","SI","X","BR","8"
39443,"D121401871","01","MO","X","SI","SI","X","BR","8"
39444,"D121401872","01","MO","M","SI","SI","X","BR","8"
39445,"D121401872","02","AU","X","SI","SI","X","BR","8"
39446,"D121401873","01","AU","M","26","SI","X","BR","5"
39447,"D121401874","01","MO","M","31","SI","X","BR","3"
39448,"D121401875","01","MO","M","17","IN","X","BR","3"
39449,"D121401876","01","AU","M","35","SI","X","BR","7"
39450,"D121401877","01","MO","M","43","SI","X","BR","3"
39451,"D121401878","01","SI","X","SI","SI","X","BR","8"
39452,"D121401879","01","ON","M","63","SI","X","BR","3"
39453,"D121401880","01","CA","M","SI","SI","X","BR","8"
39454,"D121401881","01","AU","M","30","SI","X","BR","3"
39455,"D121401881","02","AU","M","SI","SI","X","BR","8"
39456,"D121401882","01","MO","M","18","SI","X","BR","8"
39457,"D121401882","02","MO","X","SI","SI","X","BR","8"
39458,"D121401883","01","AU","X","SI","SI","X","BR","8"
39459,"D121401884","01","MO","M","47","SI","X","BR","5"
39460,"D121401885","01","MO","M","27","SI","X","BR","3"
39461,"D121401885","02","AU","M","55","SI","X","BR","7"
39462,"D121401885","03","AU","M","50","SI","X","BR","3"
39463,"D121401886","01","AU","M","31","SI","X","BR","5"
39464,"D121401887","01","AU","M","35","SI","X","BR","5"
39465,"D121401888","01","SI","X","SI","SI","X","BR","8"
39466,"D121401889","01","MO","X","SI","SI","X","BR","8"
39467,"D121401890","01","AU","X","SI","SI","X","BR","8"
39468,"D121401891","01","MO","X","SI","SI","X","BR","8"
39469,"D121401892","01","ON","M","35","SI","X","BR","8"
39470,"D121401893","01","MO","M","33","SI","X","BR","5"
39471,"D121401894","01","MO","M","25","SI","X","BR","5"
39472,"D121401894","02","MO","M","25","SI","X","BR","5"
39473,"D121401894","03","AU","M","67","SI","X","BR","2"
39474,"D121401895","01","MO","M","21","SI","X","BR","5"
39475,"D121401896","01","MO","M","17","IN","X","BR","8"
39476,"D121401896","02","ON","M","42","SI","X","BR","5"
39477,"D121401897","01","SI","X","SI","SI","X","BR","8"
39478,"D121401898","01","MO","M","43","SI","X","BR","3"
39479,"D121401899","01","MO","M","18","SI","X","BR","3"
39480,"D121401900","01","AU","M","19","SI","X","BR","3"
39481,"D121401901","01","SI","X","SI","SI","X","BR","8"
39482,"D121401902","01","CA","M","33","SI","X","BR","3"
39483,"D121401903","01","AU","M","28","SI","X","BR","3"
39484,"D121401904","01","AU","X","SI","SI","X","BR","8"
39485,"D121401905","01","MO","M","22","SI","X","BR","5"
39486,"D121401906","01","AU","M","23","SI","X","BR","8"
39487,"D121401907","01","BI","F","13","NE","X","BR","3"
39488,"D121401907","02","CA","M","53","SI","X","BR","3"
39489,"D121401908","01","MO","M","59","SI","X","BR","5"
39490,"D121401908","02","CA","M","62","SI","X","BR","3"
39491,"D121401908","03","AU","X","SI","SI","X","BR","8"
39492,"D121401908","04","AU","X","SI","SI","X","BR","8"
39493,"D121401909","01","MO","M","35","SI","X","BR","2"
39494,"D121401909","02","AU","M","31","SI","X","BR","3"
39495,"D121401910","01","MO","M","22","SI","X","BR","5"
39496,"D121401911","01","MO","M","17","IN","X","BR","8"
39497,"D121401912","01","OU","M","47","SI","X","BR","5"
39498,"D121401913","01","MO","M","19","SI","X","BR","2"
39499,"D121401914","01","CA","M","30","SI","X","BR","5"
39500,"D121401915","01","MO","M","18","SI","X","BR","2"
39510,"D121401921","01","BI","M","59","NE","X","BR","5"
39511,"D121401922","01","SI","X","SI","SI","X","BR","8"
39512,"D121401923","01","SI","X","SI","SI","X","BR","8"
39513,"D121401924","01","MO","X","SI","SI","X","BR","8"
39514,"D121401924","02","AU","M","32","SI","X","BR","5"
39515,"D121401925","01","AU","M","23","SI","X","BR","7"
39516,"D121401926","01","SI","X","SI","SI","X","BR","8"
39517,"D121401927","01","OT","M","13","IN","X","BR","3"
